ttt_ms,hys_db,ho_starts,ho_end_ok,incomplete_starts,pingpong_count,rx_packets,pdr_pct,flow_throughput_mbps,zero_throughput_samples,mean_reported_rsrp_dbm,p05_reported_rsrp_dbm,mean_mapped_sinr_db,p05_mapped_sinr_db
0,0,24,23,1,21,8893,89.15,0.375155,21,-78.085,-114,26.7605,-3.6451
0,3,20,17,3,15,8089,81.09,0.341238,35,-68.840,-82,38.0569,23.4045
0,6,11,10,1,7,6605,66.22,0.278635,65,-69.100,-82,35.8416,12.3026
256,0,23,21,2,20,8161,81.81,0.344276,32,-68.565,-82,37.5244,13.5145
256,3,16,15,1,13,7898,79.18,0.333181,39,-68.925,-84,37.1763,12.3026
256,6,8,8,0,6,9274,92.97,0.391228,11,-71.050,-93,36.0406,12.2961
1024,0,16,15,1,13,8823,88.45,0.372202,22,-77.120,-108,28.4558,3.0414
1024,3,10,9,1,7,8704,87.26,0.367182,24,-76.810,-108,28.3010,3.0414
1024,6,6,5,1,3,9320,93.43,0.393169,11,-70.775,-92,36.1559,15.0809
