time_s,cell,tx_power_dbm,ret_tilt_deg,ret_bearing_deg,ttt_ms,hysteresis_db,num_ues,avg_rsrp_dbm,ho_in_count,ho_out_count,pingpong_count,avg_throughput_mbps,prb_utilization_pct,energy_state,tx_power_watts,energy_efficiency_mbps_per_w
0.5,gNB_5G,43,15,10,256,3,0,nan,0,0,0,0,0,ON,223.777,0
0.5,gNB_4G_1,43,15,0,256,3,0,nan,0,0,0,0,0,ON,223.777,0
0.5,gNB_4G_2,43,15,0,256,3,0,nan,0,0,0,0,0,ON,223.777,0
1.5,gNB_5G,43,15,10,256,3,0,nan,0,0,0,0,0,ON,223.777,0
1.5,gNB_4G_1,43,15,0,256,3,0,nan,0,0,0,0,0,ON,223.777,0
1.5,gNB_4G_2,43,15,0,256,3,1,-69,0,0,0,0.114688,0.941667,ON,223.777,0.000512509
2.5,gNB_5G,43,15,10,256,3,0,nan,0,0,0,0,0,ON,223.777,0
2.5,gNB_4G_1,43,15,0,256,3,0,nan,0,0,0,0,0,ON,223.777,0
2.5,gNB_4G_2,43,15,0,256,3,1,-68,0,0,0,0.270336,0.825,ON,223.777,0.00120806
3.5,gNB_5G,43,15,10,256,3,1,-64,1,0,0,0.278528,0.891667,ON,223.777,0.00124467
3.5,gNB_4G_1,43,15,0,256,3,1,-44,0,0,0,0.04096,0.725,ON,223.777,0.000183039
3.5,gNB_4G_2,43,15,0,256,3,0,nan,0,1,0,0,0.3,ON,223.777,0
4.5,gNB_5G,43,15,10,256,3,1,-65,1,0,0,0.270336,0.55,ON,223.777,0.00120806
4.5,gNB_4G_1,43,15,0,256,3,3,-45.3333,0,0,0,0.212992,3.39167,ON,223.777,0.00285541
4.5,gNB_4G_2,43,15,0,256,3,1,-68,0,1,0,0.32768,1.91667,ON,223.777,0.00146431
5.5,gNB_5G,43,15,10,256,3,0,nan,1,1,1,0,0.2,ON,223.777,0
5.5,gNB_4G_1,43,15,0,256,3,3,-46,0,0,0,0.4096,4.90833,ON,223.777,0.00549117
5.5,gNB_4G_2,43,15,0,256,3,2,-67,1,1,0,0.475136,3.69167,ON,223.777,0.00424651
6.5,gNB_5G,43,15,10,256,3,1,-64,2,1,1,0.688128,1.425,ON,223.777,0.00307506
6.5,gNB_4G_1,43,15,0,256,3,3,-46.3333,0,0,0,0.412331,5.08333,ON,223.777,0.00552778
6.5,gNB_4G_2,43,15,0,256,3,1,-65,1,2,0,0.278528,1.93333,ON,223.777,0.00124467
7.5,gNB_5G,43,15,10,256,3,1,-65,2,1,1,0.679936,1.38333,ON,223.777,0.00303845
7.5,gNB_4G_1,43,15,0,256,3,4,-49.25,0,0,0,0.34816,5.99167,ON,223.777,0.00622333
7.5,gNB_4G_2,43,15,0,256,3,1,-66,1,2,0,0.270336,1.125,ON,223.777,0.00120806
8.5,gNB_5G,43,15,10,256,3,0,nan,2,2,2,0,0.5,ON,223.777,0
8.5,gNB_4G_1,43,15,0,256,3,4,-50.25,0,0,0,0.405504,5.96667,ON,223.777,0.00724835
8.5,gNB_4G_2,43,15,0,256,3,2,-66,2,2,0,0.475136,3.23333,ON,223.777,0.00424651
9.5,gNB_5G,43,15,10,256,3,0,nan,2,2,2,0,0,ON,223.777,0
9.5,gNB_4G_1,43,15,0,256,3,4,-49.75,0,0,0,0.405504,5.58333,ON,223.777,0.00724835
9.5,gNB_4G_2,43,15,0,256,3,2,-65.5,2,2,0,0.483328,3.65,ON,223.777,0.00431972
10.5,gNB_5G,43,15,10,256,3,0,nan,2,2,2,0,0,ON,223.777,0
10.5,gNB_4G_1,43,15,0,256,3,4,-50,0,0,0,0.405504,5.025,ON,223.777,0.00724835
10.5,gNB_4G_2,43,15,0,256,3,2,-64,2,2,0,0.475136,3.65833,ON,223.777,0.00424651
11.5,gNB_5G,43,15,10,256,3,0,nan,2,2,2,0,0,ON,223.777,0
11.5,gNB_4G_1,43,15,0,256,3,4,-49,0,0,0,0.405504,5.025,ON,223.777,0.00724835
11.5,gNB_4G_2,43,15,0,256,3,2,-63,2,2,0,0.475136,3.275,ON,223.777,0.00424651
12.5,gNB_5G,43,15,10,256,3,0,nan,2,2,2,0,0,ON,223.777,0
12.5,gNB_4G_1,43,15,0,256,3,5,-46.8,0,0,0,0.33751,5.775,ON,223.777,0.00754121
12.5,gNB_4G_2,43,15,0,256,3,2,-60.5,2,2,0,0.483328,3.1,ON,223.777,0.00431972
13.5,gNB_5G,43,15,10,256,3,0,nan,2,2,2,0,0,ON,223.777,0
13.5,gNB_4G_1,43,15,0,256,3,5,-47.8,0,0,0,0.35881,5.675,ON,223.777,0.00801711
13.5,gNB_4G_2,43,15,0,256,3,2,-58.5,2,2,0,0.475136,3.05,ON,223.777,0.00424651
14.5,gNB_5G,43,15,10,256,3,0,nan,2,2,2,0,0,ON,223.777,0
14.5,gNB_4G_1,43,15,0,256,3,5,-47.6,0,0,0,0.353894,5.65,ON,223.777,0.00790729
14.5,gNB_4G_2,43,15,0,256,3,2,-58,2,2,0,0.475136,2.9,ON,223.777,0.00424651
15.5,gNB_5G,43,15,10,256,3,0,nan,2,2,2,0,0,ON,223.777,0
15.5,gNB_4G_1,43,15,0,256,3,6,-48,0,0,0,0.32768,6.8,ON,223.777,0.00878588
15.5,gNB_4G_2,43,15,0,256,3,2,-55.5,2,2,0,0.483328,2.95,ON,223.777,0.00431972
16.5,gNB_5G,43,15,10,256,3,0,nan,2,2,2,0,0,ON,223.777,0
16.5,gNB_4G_1,43,15,0,256,3,6,-48,0,0,0,0.364544,6.925,ON,223.777,0.00977429
16.5,gNB_4G_2,43,15,0,256,3,2,-56.5,2,2,0,0.475136,2.9,ON,223.777,0.00424651
17.5,gNB_5G,43,15,10,256,3,0,nan,2,2,2,0,0,ON,223.777,0
17.5,gNB_4G_1,43,15,0,256,3,6,-46.6667,0,0,0,0.364544,6.75,ON,223.777,0.00977429
17.5,gNB_4G_2,43,15,0,256,3,2,-56,2,2,0,0.475136,2.9,ON,223.777,0.00424651
18.5,gNB_5G,43,15,10,256,3,0,nan,2,2,2,0,0,ON,223.777,0
18.5,gNB_4G_1,43,15,0,256,3,6,-48.1667,0,0,0,0.365909,7.15833,ON,223.777,0.0098109
18.5,gNB_4G_2,43,15,0,256,3,2,-59,2,2,0,0.483328,3,ON,223.777,0.00431972
19.5,gNB_5G,43,15,10,256,3,0,nan,2,2,2,0,0,ON,223.777,0
19.5,gNB_4G_1,43,15,0,256,3,6,-47.3333,0,0,0,0.365909,7.64167,ON,223.777,0.0098109
19.5,gNB_4G_2,43,15,0,256,3,2,-58,2,2,0,0.475136,2.9,ON,223.777,0.00424651
20.5,gNB_5G,43,15,10,256,3,0,nan,2,2,2,0,0,ON,223.777,0
20.5,gNB_4G_1,43,15,0,256,3,6,-46.1667,0,0,0,0.363179,7.15,ON,223.777,0.00973768
20.5,gNB_4G_2,43,15,0,256,3,2,-57,2,2,0,0.475136,2.9,ON,223.777,0.00424651
21.5,gNB_5G,43,15,10,256,3,1,-54,2,2,2,0.155648,0.841667,ON,223.777,0.000695549
21.5,gNB_4G_1,43,15,0,256,3,6,-44.5,0,0,0,0.365909,7,ON,223.777,0.0098109
21.5,gNB_4G_2,43,15,0,256,3,2,-56.5,2,2,0,0.483328,2.95,ON,223.777,0.00431972
22.5,gNB_5G,43,15,10,256,3,1,-51,2,2,2,0.360448,0.733333,ON,223.777,0.00161074
22.5,gNB_4G_1,43,15,0,256,3,6,-45.5,0,0,0,0.364544,7.25,ON,223.777,0.00977429
22.5,gNB_4G_2,43,15,0,256,3,3,-60.3333,2,2,0,0.371371,4.20833,ON,223.777,0.00497866
23.5,gNB_5G,43,15,10,256,3,1,-50,2,2,2,0.352256,0.716667,ON,223.777,0.00157414
23.5,gNB_4G_1,43,15,0,256,3,6,-43.6667,0,0,0,0.365909,7.175,ON,223.777,0.0098109
23.5,gNB_4G_2,43,15,0,256,3,3,-59.3333,2,2,0,0.431445,4.325,ON,223.777,0.00578404
24.5,gNB_5G,43,15,10,256,3,2,-57.5,3,2,2,0.352256,1.575,ON,223.777,0.00314827
24.5,gNB_4G_1,43,15,0,256,3,6,-42.1667,0,0,0,0.365909,6.98333,ON,223.777,0.0098109
24.5,gNB_4G_2,43,15,0,256,3,2,-56.5,2,3,0,0.483328,3.75833,ON,223.777,0.00431972
25.5,gNB_5G,43,15,10,256,3,2,-58,3,2,2,0.344064,1.4,ON,223.777,0.00307506
25.5,gNB_4G_1,43,15,0,256,3,7,-42.5714,0,0,0,0.347575,8.175,ON,223.777,0.0108725
25.5,gNB_4G_2,43,15,0,256,3,2,-56,2,3,0,0.475136,2.9,ON,223.777,0.00424651
26.5,gNB_5G,43,15,10,256,3,1,-49,3,3,3,0.352256,0.966667,ON,223.777,0.00157414
26.5,gNB_4G_1,43,15,0,256,3,7,-42.4286,0,0,0,0.397897,8.8,ON,223.777,0.0124467
26.5,gNB_4G_2,43,15,0,256,3,3,-59.3333,3,3,0,0.431445,4.40833,ON,223.777,0.00578404
27.5,gNB_5G,43,15,10,256,3,1,-50,3,3,3,0.360448,0.733333,ON,223.777,0.00161074
27.5,gNB_4G_1,43,15,0,256,3,7,-41.8571,0,0,0,0.395557,8.925,ON,223.777,0.0123734
27.5,gNB_4G_2,43,15,0,256,3,3,-59,3,3,0,0.434176,4.38333,ON,223.777,0.00582064
28.5,gNB_5G,43,15,10,256,3,1,-50,3,3,3,0.352256,0.716667,ON,223.777,0.00157414
28.5,gNB_4G_1,43,15,0,256,3,7,-41.1429,0,0,0,0.396727,8.88333,ON,223.777,0.0124101
28.5,gNB_4G_2,43,15,0,256,3,3,-58.3333,3,3,0,0.431445,4.36667,ON,223.777,0.00578404
29.5,gNB_5G,43,15,10,256,3,1,-51,3,3,3,0.360448,0.733333,ON,223.777,0.00161074
29.5,gNB_4G_1,43,15,0,256,3,7,-41.1429,0,0,0,0.397897,8.525,ON,223.777,0.0124467
29.5,gNB_4G_2,43,15,0,256,3,3,-57.6667,3,3,0,0.431445,4.175,ON,223.777,0.00578404
30.5,gNB_5G,43,15,10,256,3,1,-53,3,3,3,0.352256,0.716667,ON,223.777,0.00157414
30.5,gNB_4G_1,43,15,0,256,3,7,-40.5714,0,0,0,0.395557,8.45,ON,223.777,0.0123734
30.5,gNB_4G_2,43,15,0,256,3,3,-56.6667,3,3,0,0.436907,4,ON,223.777,0.00585725
31.5,gNB_5G,43,15,10,256,3,1,-49,3,3,3,0.360448,0.733333,ON,223.777,0.00161074
31.5,gNB_4G_1,43,15,0,256,3,7,-42.2857,0,0,0,0.397897,8.5,ON,223.777,0.0124467
31.5,gNB_4G_2,43,15,0,256,3,3,-55.3333,3,3,0,0.428715,3.925,ON,223.777,0.00574743
32.5,gNB_5G,43,15,10,256,3,1,-48,3,3,3,0.352256,0.716667,ON,223.777,0.00157414
32.5,gNB_4G_1,43,15,0,256,3,9,-42.6667,0,0,0,0.385024,11.4667,ON,223.777,0.0154851
32.5,gNB_4G_2,43,15,0,256,3,3,-55,3,3,0,0.431445,4,ON,223.777,0.00578404
33.5,gNB_5G,43,15,10,256,3,1,-47,3,3,3,0.360448,0.733333,ON,223.777,0.00161074
33.5,gNB_4G_1,43,15,0,256,3,9,-42.6667,0,0,0,0.467854,12.85,ON,223.777,0.0188164
33.5,gNB_4G_2,43,15,0,256,3,3,-54.6667,3,3,0,0.436907,4.125,ON,223.777,0.00585725
34.5,gNB_5G,43,15,10,256,3,1,-47,3,3,3,0.352256,0.716667,ON,223.777,0.00157414
34.5,gNB_4G_1,43,15,0,256,3,10,-45.1,0,0,0,0.43991,13.9417,ON,223.777,0.0196584
34.5,gNB_4G_2,43,15,0,256,3,3,-54,3,3,0,0.428715,3.925,ON,223.777,0.00574743
35.5,gNB_5G,43,15,10,256,3,1,-47,3,3,3,0.360448,0.733333,ON,223.777,0.00161074
35.5,gNB_4G_1,43,15,0,256,3,11,-43.7273,0,0,0,0.435665,15.5333,ON,223.777,0.0214156
35.5,gNB_4G_2,43,15,0,256,3,3,-53.6667,3,3,0,0.431445,3.95,ON,223.777,0.00578404
36.5,gNB_5G,43,15,10,256,3,1,-47,3,3,3,0.352256,0.716667,ON,223.777,0.00157414
36.5,gNB_4G_1,43,15,0,256,3,12,-45.1667,0,0,0,0.458069,18.6833,ON,223.777,0.0245638
36.5,gNB_4G_2,43,15,0,256,3,3,-55,3,3,0,0.436907,4,ON,223.777,0.00585725
37.5,gNB_5G,43,15,10,256,3,1,-47,3,3,3,0.360448,0.733333,ON,223.777,0.00161074
37.5,gNB_4G_1,43,15,0,256,3,12,-45.75,0,0,0,0.494251,19.5583,ON,223.777,0.0265041
37.5,gNB_4G_2,43,15,0,256,3,3,-55.3333,3,3,0,0.428715,3.925,ON,223.777,0.00574743
38.5,gNB_5G,43,15,10,256,3,1,-51,3,3,3,0.352256,0.716667,ON,223.777,0.00157414
38.5,gNB_4G_1,43,15,0,256,3,13,-43.8462,0,0,0,0.486479,20.7167,ON,223.777,0.0282612
38.5,gNB_4G_2,43,15,0,256,3,3,-54.3333,3,3,0,0.431445,3.95,ON,223.777,0.00578404
39.5,gNB_5G,43,15,10,256,3,1,-50,3,3,3,0.360448,0.733333,ON,223.777,0.00161074
39.5,gNB_4G_1,43,15,0,256,3,13,-45.1538,0,0,0,0.519247,22.1,ON,223.777,0.0301648
39.5,gNB_4G_2,43,15,0,256,3,3,-56,3,3,0,0.436907,4,ON,223.777,0.00585725
40.5,gNB_5G,43,15,10,256,3,1,-47,3,3,3,0.352256,0.716667,ON,223.777,0.00157414
40.5,gNB_4G_1,43,15,0,256,3,13,-44.4615,0,0,0,0.519247,21.6917,ON,223.777,0.0301648
40.5,gNB_4G_2,43,15,0,256,3,3,-55.6667,3,3,0,0.428715,3.925,ON,223.777,0.00574743
41.5,gNB_5G,43,15,10,256,3,1,-47,3,3,3,0.360448,0.733333,ON,223.777,0.00161074
41.5,gNB_4G_1,43,15,0,256,3,13,-44.7692,0,0,0,0.519877,21.2333,ON,223.777,0.0302015
41.5,gNB_4G_2,43,15,0,256,3,3,-56.6667,3,3,0,0.431445,3.95,ON,223.777,0.00578404
42.5,gNB_5G,43,15,10,256,3,1,-51,3,4,3,0.065536,1.05833,ON,223.777,0.000292863
42.5,gNB_4G_1,43,15,0,256,3,13,-44.8462,0,0,0,0.517986,21.575,ON,223.777,0.0300916
42.5,gNB_4G_2,43,15,0,256,3,4,-55.75,4,3,0,0.415744,5.36667,ON,223.777,0.00743139
43.5,gNB_5G,43,15,10,256,3,2,-49.5,4,4,3,0.241664,1.275,ON,223.777,0.00215986
43.5,gNB_4G_1,43,15,0,256,3,13,-44.7692,0,0,0,0.520507,21.4917,ON,223.777,0.0302381
43.5,gNB_4G_2,43,15,0,256,3,3,-55.3333,4,4,1,0.428715,4.69167,ON,223.777,0.00574743
44.5,gNB_5G,43,15,10,256,3,2,-46.5,4,4,3,0.249856,1.01667,ON,223.777,0.00223308
44.5,gNB_4G_1,43,15,0,256,3,12,-45.75,0,1,0,0.555008,21.6583,ON,223.777,0.0297622
44.5,gNB_4G_2,43,15,0,256,3,4,-52.5,5,4,1,0.34816,4.65,ON,223.777,0.00622333
45.5,gNB_5G,43,15,10,256,3,2,-50.5,4,4,3,0.249856,1.01667,ON,223.777,0.00223308
45.5,gNB_4G_1,43,15,0,256,3,12,-45.1667,0,1,0,0.554325,21.1833,ON,223.777,0.0297255
45.5,gNB_4G_2,43,15,0,256,3,4,-53.5,5,4,1,0.350208,4.59167,ON,223.777,0.00625994
46.5,gNB_5G,43,15,10,256,3,2,-49,4,4,3,0.24576,1,ON,223.777,0.00219647
46.5,gNB_4G_1,43,15,0,256,3,12,-45,0,1,0,0.554325,21.5833,ON,223.777,0.0297255
46.5,gNB_4G_2,43,15,0,256,3,4,-53.5,5,4,1,0.346112,4.525,ON,223.777,0.00618672
47.5,gNB_5G,43,15,10,256,3,2,-53.5,4,4,3,0.249856,1.01667,ON,223.777,0.00223308
47.5,gNB_4G_1,43,15,0,256,3,12,-46.75,0,1,0,0.555008,21.25,ON,223.777,0.0297622
47.5,gNB_4G_2,43,15,0,256,3,4,-51.75,5,4,1,0.34816,4.41667,ON,223.777,0.00622333
48.5,gNB_5G,43,15,10,256,3,2,-51,4,4,3,0.249856,1.01667,ON,223.777,0.00223308
48.5,gNB_4G_1,43,15,0,256,3,13,-46.2308,0,1,0,0.53437,22.2833,ON,223.777,0.0310434
48.5,gNB_4G_2,43,15,0,256,3,4,-52.5,5,4,1,0.352256,4.59167,ON,223.777,0.00629654
49.5,gNB_5G,43,15,10,256,3,3,-51.6667,4,4,3,0.229376,1.925,ON,223.777,0.00307506
49.5,gNB_4G_1,43,15,0,256,3,13,-47.1538,0,1,0,0.560207,23.45,ON,223.777,0.0325444
49.5,gNB_4G_2,43,15,0,256,3,4,-52.25,5,4,1,0.346112,4.45833,ON,223.777,0.00618672
50.5,gNB_5G,43,15,10,256,3,2,-54,4,5,3,0.299008,1.48333,ON,223.777,0.00267237
50.5,gNB_4G_1,43,15,0,256,3,13,-44.6923,0,1,0,0.561467,23.3333,ON,223.777,0.0326176
50.5,gNB_4G_2,43,15,0,256,3,5,-51.6,6,4,1,0.348979,5.7,ON,223.777,0.00779747
51.5,gNB_5G,43,15,10,256,3,3,-50,5,5,3,0.311296,2.175,ON,223.777,0.00417329
51.5,gNB_4G_1,43,15,0,256,3,12,-46.4167,0,2,0,0.579584,22.725,ON,223.777,0.03108
51.5,gNB_4G_2,43,15,0,256,3,5,-50.6,7,5,2,0.344064,6.20833,ON,223.777,0.00768764
52.5,gNB_5G,43,15,10,256,3,3,-49.6667,5,5,3,0.319488,1.95,ON,223.777,0.00428311
52.5,gNB_4G_1,43,15,0,256,3,12,-45.0833,0,2,0,0.581632,21.9833,ON,223.777,0.0311899
52.5,gNB_4G_2,43,15,0,256,3,5,-48.8,7,5,2,0.340787,5.73333,ON,223.777,0.00761443
53.5,gNB_5G,43,15,10,256,3,3,-51.3333,5,5,3,0.316757,1.93333,ON,223.777,0.00424651
53.5,gNB_4G_1,43,15,0,256,3,12,-45.1667,0,2,0,0.580267,21.6167,ON,223.777,0.0311166
53.5,gNB_4G_2,43,15,0,256,3,5,-50,7,5,2,0.340787,6,ON,223.777,0.00761443
54.5,gNB_5G,43,15,10,256,3,2,-48.5,5,6,3,0.4096,1.88333,ON,223.777,0.00366078
54.5,gNB_4G_1,43,15,0,256,3,12,-43.9167,0,2,0,0.580949,21.7333,ON,223.777,0.0311533
54.5,gNB_4G_2,43,15,0,256,3,6,-51.8333,8,5,2,0.309931,6.84167,ON,223.777,0.00830997
55.5,gNB_5G,43,15,10,256,3,3,-50.3333,6,6,3,0.314027,2.225,ON,223.777,0.0042099
55.5,gNB_4G_1,43,15,0,256,3,13,-43.3077,0,2,0,0.555796,22.8917,ON,223.777,0.0322881
55.5,gNB_4G_2,43,15,0,256,3,5,-47.8,8,6,3,0.339149,6.41667,ON,223.777,0.00757782
56.5,gNB_5G,43,15,10,256,3,3,-50.3333,6,6,3,0.319488,1.95,ON,223.777,0.00428311
56.5,gNB_4G_1,43,15,0,256,3,12,-43.3333,0,3,0,0.561152,23.775,ON,223.777,0.0300916
56.5,gNB_4G_2,43,15,0,256,3,7,-50.8571,9,6,3,0.416622,11.1,ON,223.777,0.0130324
57.5,gNB_5G,43,15,10,256,3,3,-53.3333,6,6,3,0.319488,1.95,ON,223.777,0.00428311
57.5,gNB_4G_1,43,15,0,256,3,12,-43,0,3,0,0.562517,21.9333,ON,223.777,0.0301648
57.5,gNB_4G_2,43,15,0,256,3,7,-50.7143,9,6,3,0.479817,15.2833,ON,223.777,0.0150092
58.5,gNB_5G,43,15,10,256,3,3,-53,7,7,4,0.543403,2.94167,ON,223.777,0.00728496
58.5,gNB_4G_1,43,15,0,256,3,11,-44.2727,0,4,0,0.597271,21.2,ON,223.777,0.0293595
58.5,gNB_4G_2,43,15,0,256,3,8,-48.375,11,7,3,0.350208,14.4917,ON,223.777,0.0125199
59.5,gNB_5G,43,15,10,256,3,3,-54.3333,7,7,4,0.543403,3.31667,ON,223.777,0.00728496
59.5,gNB_4G_1,43,15,0,256,3,11,-44.0909,0,4,0,0.598761,20.8667,ON,223.777,0.0294327
59.5,gNB_4G_2,43,15,0,256,3,8,-46.875,11,7,3,0.35328,10.8,ON,223.777,0.0126297
60.5,gNB_5G,43,15,10,256,3,3,-52,7,7,4,0.543403,3.31667,ON,223.777,0.00728496
60.5,gNB_4G_1,43,15,0,256,3,11,-42.3636,0,4,0,0.594292,21.7083,ON,223.777,0.029213
60.5,gNB_4G_2,43,15,0,256,3,8,-48.375,11,7,3,0.35328,11.825,ON,223.777,0.0126297
61.5,gNB_5G,43,15,10,256,3,2,-47,7,8,4,0.405504,2.91667,ON,223.777,0.00362417
61.5,gNB_4G_1,43,15,0,256,3,12,-44.75,1,4,0,0.556373,22.6,ON,223.777,0.0298354
61.5,gNB_4G_2,43,15,0,256,3,8,-49.125,12,8,3,0.438272,12.5083,ON,223.777,0.0156681
62.5,gNB_5G,43,15,10,256,3,2,-46.5,7,8,4,0.405504,1.65,ON,223.777,0.00362417
62.5,gNB_4G_1,43,15,0,256,3,10,-43.5,1,6,1,0.616858,21.7083,ON,223.777,0.0275657
62.5,gNB_4G_2,43,15,0,256,3,10,-48.4,14,8,3,0.406323,18.2167,ON,223.777,0.0181575
63.5,gNB_5G,43,15,10,256,3,2,-48,7,8,4,0.405504,1.65,ON,223.777,0.00362417
63.5,gNB_4G_1,43,15,0,256,3,11,-42.7273,1,6,1,0.565993,21.1167,ON,223.777,0.0278219
63.5,gNB_4G_2,43,15,0,256,3,10,-47.8,14,8,3,0.407142,17.7333,ON,223.777,0.0181941
64.5,gNB_5G,43,15,10,256,3,2,-46.5,7,8,4,0.405504,1.65,ON,223.777,0.00362417
64.5,gNB_4G_1,43,15,0,256,3,11,-41.9091,1,6,1,0.571206,20.625,ON,223.777,0.0280782
64.5,gNB_4G_2,43,15,0,256,3,10,-47.4,14,8,3,0.404685,17.225,ON,223.777,0.0180843
65.5,gNB_5G,43,15,10,256,3,2,-44.5,7,8,4,0.405504,1.65,ON,223.777,0.00362417
65.5,gNB_4G_1,43,15,0,256,3,12,-42.8333,1,6,1,0.533845,21.55,ON,223.777,0.0286273
65.5,gNB_4G_2,43,15,0,256,3,10,-47.1,14,8,3,0.405504,18.9833,ON,223.777,0.0181209
66.5,gNB_5G,43,15,10,256,3,2,-47.5,7,8,4,0.4096,1.66667,ON,223.777,0.00366078
66.5,gNB_4G_1,43,15,0,256,3,12,-44,1,6,1,0.545451,21.1583,ON,223.777,0.0292496
66.5,gNB_4G_2,43,15,0,256,3,10,-46.5,14,8,3,0.407962,19,ON,223.777,0.0182307
67.5,gNB_5G,43,15,10,256,3,2,-46.5,7,8,4,0.401408,1.63333,ON,223.777,0.00358757
67.5,gNB_4G_1,43,15,0,256,3,12,-43.25,1,6,1,0.54272,20.9583,ON,223.777,0.0291032
67.5,gNB_4G_2,43,15,0,256,3,10,-47.4,14,8,3,0.404685,17.1667,ON,223.777,0.0180843
68.5,gNB_5G,43,15,10,256,3,2,-47,7,8,4,0.4096,1.66667,ON,223.777,0.00366078
68.5,gNB_4G_1,43,15,0,256,3,12,-43.25,1,6,1,0.545451,21.3667,ON,223.777,0.0292496
68.5,gNB_4G_2,43,15,0,256,3,10,-46.6,14,8,3,0.401408,17.7583,ON,223.777,0.0179378
69.5,gNB_5G,43,15,10,256,3,2,-46.5,7,8,4,0.401408,1.63333,ON,223.777,0.00358757
69.5,gNB_4G_1,43,15,0,256,3,12,-41.8333,1,6,1,0.54272,21.5417,ON,223.777,0.0291032
69.5,gNB_4G_2,43,15,0,256,3,10,-47.4,14,8,3,0.410419,17.5083,ON,223.777,0.0183405
70.5,gNB_5G,43,15,10,256,3,1,-51,7,9,4,0.360448,1.43333,ON,223.777,0.00161074
70.5,gNB_4G_1,43,15,0,256,3,12,-42.9167,1,6,1,0.543403,21.0667,ON,223.777,0.0291398
70.5,gNB_4G_2,43,15,0,256,3,11,-47.8182,15,8,3,0.4096,16.9583,ON,223.777,0.0201343
71.5,gNB_5G,43,15,10,256,3,2,-49,8,9,4,0.401408,1.825,ON,223.777,0.00358757
71.5,gNB_4G_1,43,15,0,256,3,12,-42.25,1,6,1,0.546133,21.175,ON,223.777,0.0292863
71.5,gNB_4G_2,43,15,0,256,3,10,-47.9,15,9,4,0.405504,16.9667,ON,223.777,0.0181209
72.5,gNB_5G,43,15,10,256,3,2,-47.5,8,9,4,0.405504,1.65,ON,223.777,0.00362417
72.5,gNB_4G_1,43,15,0,256,3,12,-42.1667,1,6,1,0.542037,21.9333,ON,223.777,0.0290666
72.5,gNB_4G_2,43,15,0,256,3,10,-48.1,15,9,4,0.407142,15.8667,ON,223.777,0.0181941
73.5,gNB_5G,43,15,10,256,3,2,-47.5,8,9,4,0.405504,1.65,ON,223.777,0.00362417
73.5,gNB_4G_1,43,15,0,256,3,12,-46.1667,1,6,1,0.545451,23.0167,ON,223.777,0.0292496
73.5,gNB_4G_2,43,15,0,256,3,10,-46.3,15,9,4,0.403866,15.0833,ON,223.777,0.0180477
74.5,gNB_5G,43,15,10,256,3,2,-47,8,9,4,0.405504,1.65,ON,223.777,0.00362417
74.5,gNB_4G_1,43,15,0,256,3,12,-45.0833,1,6,1,0.543403,24.3417,ON,223.777,0.0291398
74.5,gNB_4G_2,43,15,0,256,3,10,-46.1,15,9,4,0.407142,14.6583,ON,223.777,0.0181941
75.5,gNB_5G,43,15,10,256,3,3,-52,8,9,4,0.382293,2.85833,ON,223.777,0.00512509
75.5,gNB_4G_1,43,15,0,256,3,12,-47.8333,1,6,1,0.54272,24.2417,ON,223.777,0.0291032
75.5,gNB_4G_2,43,15,0,256,3,10,-46.6,15,9,4,0.406323,14.375,ON,223.777,0.0181575
76.5,gNB_5G,43,15,10,256,3,3,-47.6667,8,9,4,0.516096,3.15,ON,223.777,0.00691888
76.5,gNB_4G_1,43,15,0,256,3,13,-44.3077,1,6,1,0.502233,42.7917,ON,223.777,0.0291764
76.5,gNB_4G_2,43,15,0,256,3,10,-46.2,15,9,4,0.404685,13.85,ON,223.777,0.0180843
77.5,gNB_5G,43,15,10,256,3,3,-48.3333,8,9,4,0.518827,3.16667,ON,223.777,0.00695549
77.5,gNB_4G_1,43,15,0,256,3,13,-45.9231,1,6,1,0.508534,53.825,ON,223.777,0.0295425
77.5,gNB_4G_2,43,15,0,256,3,10,-46.1,15,9,4,0.406323,13.275,ON,223.777,0.0181575
78.5,gNB_5G,43,15,10,256,3,3,-51.3333,8,10,4,0.442368,3.55833,ON,223.777,0.00593047
78.5,gNB_4G_1,43,15,0,256,3,13,-45.1538,1,6,1,0.512945,22.5667,ON,223.777,0.0297988
78.5,gNB_4G_2,43,15,0,256,3,11,-47.3636,16,9,4,0.410345,15.8833,ON,223.777,0.0201709
79.5,gNB_5G,43,15,10,256,3,3,-50.6667,8,10,4,0.529749,3.23333,ON,223.777,0.00710192
79.5,gNB_4G_1,43,15,0,256,3,13,-43.3846,1,6,1,0.509164,25.175,ON,223.777,0.0295791
79.5,gNB_4G_2,43,15,0,256,3,11,-48,16,9,4,0.407366,18.125,ON,223.777,0.0200245
80.5,gNB_5G,43,15,10,256,3,3,-49,8,10,4,0.524288,3.2,ON,223.777,0.0070287
80.5,gNB_4G_1,43,15,0,256,3,12,-42.75,1,7,1,0.487424,29.9083,ON,223.777,0.026138
80.5,gNB_4G_2,43,15,0,256,3,12,-46.25,17,9,4,0.427349,18.8667,ON,223.777,0.0229165
81.5,gNB_5G,43,15,10,256,3,4,-48.25,9,10,4,0.512,4.54167,ON,223.777,0.00915195
81.5,gNB_4G_1,43,15,0,256,3,12,-43.0833,1,7,1,0.486059,19.075,ON,223.777,0.0260648
81.5,gNB_4G_2,43,15,0,256,3,11,-46.5455,17,10,5,0.441623,20.8417,ON,223.777,0.0217084
82.5,gNB_5G,43,15,10,256,3,4,-47,9,10,4,0.507904,4.13333,ON,223.777,0.00907874
82.5,gNB_4G_1,43,15,0,256,3,12,-42.75,1,7,1,0.486059,19.4083,ON,223.777,0.0260648
82.5,gNB_4G_2,43,15,0,256,3,11,-45.6364,17,10,5,0.443113,18.7333,ON,223.777,0.0217817
83.5,gNB_5G,43,15,10,256,3,4,-48.5,9,10,4,0.512,4.16667,ON,223.777,0.00915195
83.5,gNB_4G_1,43,15,0,256,3,13,-44.6154,1,7,1,0.44867,23.5167,ON,223.777,0.0260648
83.5,gNB_4G_2,43,15,0,256,3,11,-45.6364,17,10,5,0.441623,18.625,ON,223.777,0.0217084
84.5,gNB_5G,43,15,10,256,3,4,-48.75,9,10,4,0.509952,4.15,ON,223.777,0.00911535
84.5,gNB_4G_1,43,15,0,256,3,12,-44.3333,1,8,1,0.425984,29.7167,ON,223.777,0.0228433
84.5,gNB_4G_2,43,15,0,256,3,12,-45.8333,18,10,5,0.468992,21.3667,ON,223.777,0.0251496
85.5,gNB_5G,43,15,10,256,3,4,-48.25,9,10,4,0.507904,4.13333,ON,223.777,0.00907874
85.5,gNB_4G_1,43,15,0,256,3,12,-42.75,1,8,1,0.429397,16.8167,ON,223.777,0.0230263
85.5,gNB_4G_2,43,15,0,256,3,12,-44.9167,18,10,5,0.474453,24.3667,ON,223.777,0.0254424
86.5,gNB_5G,43,15,10,256,3,4,-47.25,9,10,4,0.509952,4.15,ON,223.777,0.00911535
86.5,gNB_4G_1,43,15,0,256,3,12,-43.8333,1,8,1,0.428715,16.3583,ON,223.777,0.0229897
86.5,gNB_4G_2,43,15,0,256,3,12,-44.6667,18,10,5,0.475136,22.8667,ON,223.777,0.025479
87.5,gNB_5G,43,15,10,256,3,4,-47,9,10,4,0.509952,4.15,ON,223.777,0.00911535
87.5,gNB_4G_1,43,15,0,256,3,13,-45.8462,1,8,1,0.405189,17.3417,ON,223.777,0.0235388
87.5,gNB_4G_2,43,15,0,256,3,12,-44.5833,18,10,5,0.476501,21.2917,ON,223.777,0.0255523
88.5,gNB_5G,43,15,10,256,3,4,-47.5,9,10,4,0.507904,4.13333,ON,223.777,0.00907874
88.5,gNB_4G_1,43,15,0,256,3,13,-44.6923,1,8,1,0.419052,18.6333,ON,223.777,0.0243442
88.5,gNB_4G_2,43,15,0,256,3,12,-44.5,18,10,5,0.47104,23.9417,ON,223.777,0.0252594
89.5,gNB_5G,43,15,10,256,3,4,-48,9,10,4,0.509952,4.15,ON,223.777,0.00911535
89.5,gNB_4G_1,43,15,0,256,3,13,-44.2308,1,8,1,0.421573,18.275,ON,223.777,0.0244906
89.5,gNB_4G_2,43,15,0,256,3,12,-44.8333,18,10,5,0.473088,24.875,ON,223.777,0.0253692
90.5,gNB_5G,43,15,10,256,3,4,-48,9,10,4,0.509952,4.15,ON,223.777,0.00911535
90.5,gNB_4G_1,43,15,0,256,3,14,-44.1429,1,8,1,0.409015,19.4583,ON,223.777,0.0255889
90.5,gNB_4G_2,43,15,0,256,3,12,-45.0833,18,10,5,0.476501,25.8833,ON,223.777,0.0255523
91.5,gNB_5G,43,15,10,256,3,4,-47.75,9,10,4,0.507904,4.13333,ON,223.777,0.00907874
91.5,gNB_4G_1,43,15,0,256,3,15,-44.4667,1,8,1,0.41943,21.3583,ON,223.777,0.0281148
91.5,gNB_4G_2,43,15,0,256,3,12,-45.5,18,10,5,0.472405,25.0583,ON,223.777,0.0253326
92.5,gNB_5G,43,15,10,256,3,4,-45.75,9,10,4,0.509952,4.15,ON,223.777,0.00911535
92.5,gNB_4G_1,43,15,0,256,3,15,-44.1333,1,8,1,0.439091,22.75,ON,223.777,0.0294327
92.5,gNB_4G_2,43,15,0,256,3,12,-45.9167,18,10,5,0.475819,24.775,ON,223.777,0.0255157
93.5,gNB_5G,43,15,10,256,3,4,-47.25,9,10,4,0.512,4.16667,ON,223.777,0.00915195
93.5,gNB_4G_1,43,15,0,256,3,14,-44.6429,1,9,1,0.42891,25.5,ON,223.777,0.0268335
93.5,gNB_4G_2,43,15,0,256,3,14,-47.2143,19,10,5,0.47104,27.8,ON,223.777,0.0294693
94.5,gNB_5G,43,15,10,256,3,4,-47.25,9,10,4,0.507904,4.13333,ON,223.777,0.00907874
94.5,gNB_4G_1,43,15,0,256,3,14,-45.6429,1,9,1,0.430665,19.925,ON,223.777,0.0269434
94.5,gNB_4G_2,43,15,0,256,3,14,-46.8571,19,10,5,0.507319,28.4,ON,223.777,0.031739
95.5,gNB_5G,43,15,10,256,3,5,-48.2,9,10,4,0.458752,5.19167,ON,223.777,0.0102502
95.5,gNB_4G_1,43,15,0,256,3,14,-46.0714,1,9,1,0.428325,19.425,ON,223.777,0.0267969
95.5,gNB_4G_2,43,15,0,256,3,14,-47.9286,19,10,5,0.507319,26.7917,ON,223.777,0.031739
96.5,gNB_5G,43,15,10,256,3,5,-47.6,9,10,4,0.524288,5.33333,ON,223.777,0.0117145
96.5,gNB_4G_1,43,15,0,256,3,15,-46.6,1,9,1,0.425984,21.5083,ON,223.777,0.0285541
96.5,gNB_4G_2,43,15,0,256,3,14,-48.2143,19,10,5,0.507319,28,ON,223.777,0.031739
97.5,gNB_5G,43,15,10,256,3,5,-47.4,9,10,4,0.524288,5.33333,ON,223.777,0.0117145
97.5,gNB_4G_1,43,15,0,256,3,15,-46.2667,1,9,1,0.456021,22.55,ON,223.777,0.0305675
97.5,gNB_4G_2,43,15,0,256,3,14,-47.7143,19,10,5,0.505563,27.4,ON,223.777,0.0316292
98.5,gNB_5G,43,15,10,256,3,6,-49.3333,10,10,4,0.453291,6.025,ON,223.777,0.0121538
98.5,gNB_4G_1,43,15,0,256,3,16,-46.9375,1,9,1,0.436736,23.175,ON,223.777,0.0312265
98.5,gNB_4G_2,43,15,0,256,3,13,-47.0769,19,11,5,0.537521,26.5667,ON,223.777,0.0312265
99.5,gNB_5G,43,15,10,256,3,6,-50.1667,10,10,4,0.453291,5.53333,ON,223.777,0.0121538
99.5,gNB_4G_1,43,15,0,256,3,16,-47.125,1,9,1,0.45056,23.4167,ON,223.777,0.0322149
99.5,gNB_4G_2,43,15,0,256,3,13,-48.1538,19,11,5,0.536261,30.0583,ON,223.777,0.0311533
100.5,gNB_5G,43,15,10,256,3,8,-50.75,11,10,4,0.464896,7.7,ON,223.777,0.0166199
100.5,gNB_4G_1,43,15,0,256,3,18,-49.7222,2,9,1,0.420523,26.1417,ON,223.777,0.0338256
100.5,gNB_4G_2,43,15,0,256,3,11,-45.3636,19,13,5,0.548119,29.525,ON,223.777,0.0269434
101.5,gNB_5G,43,15,10,256,3,7,-49.4286,11,11,5,0.447049,7.63333,ON,223.777,0.0139842
101.5,gNB_4G_1,43,15,0,256,3,18,-48.0556,2,9,1,0.439637,27.1,ON,223.777,0.0353632
101.5,gNB_4G_2,43,15,0,256,3,12,-46.9167,20,13,5,0.567979,31.7833,ON,223.777,0.0304577
102.5,gNB_5G,43,15,10,256,3,6,-49.3333,11,12,5,0.505173,6.2,ON,223.777,0.0135449
102.5,gNB_4G_1,43,15,0,256,3,18,-49.1667,2,9,1,0.438272,27.5,ON,223.777,0.0352533
102.5,gNB_4G_2,43,15,0,256,3,13,-47.1538,21,13,5,0.536891,29.8167,ON,223.777,0.0311899
103.5,gNB_5G,43,15,10,256,3,5,-50.4,11,13,5,0.534118,5.83333,ON,223.777,0.0119341
103.5,gNB_4G_1,43,15,0,256,3,17,-48.5882,2,10,1,0.456824,28.575,ON,223.777,0.0347042
103.5,gNB_4G_2,43,15,0,256,3,15,-47.6667,23,13,5,0.495889,28.5333,ON,223.777,0.0332399
104.5,gNB_5G,43,15,10,256,3,4,-51,11,14,5,0.485376,4.8,ON,223.777,0.00867605
104.5,gNB_4G_1,43,15,0,256,3,17,-49.2941,2,10,1,0.457788,28.325,ON,223.777,0.0347774
104.5,gNB_4G_2,43,15,0,256,3,16,-47.375,24,13,5,0.512512,28.675,ON,223.777,0.0366444
105.5,gNB_5G,43,15,10,256,3,5,-50.8,12,14,5,0.53248,5.40833,ON,223.777,0.0118975
105.5,gNB_4G_1,43,15,0,256,3,17,-49.1176,2,10,1,0.455861,26.7917,ON,223.777,0.034631
105.5,gNB_4G_2,43,15,0,256,3,15,-49,24,14,6,0.496435,31.2667,ON,223.777,0.0332765
106.5,gNB_5G,43,15,10,256,3,3,-51.6667,12,16,6,0.486059,4.16667,ON,223.777,0.00651619
106.5,gNB_4G_1,43,15,0,256,3,18,-49.2778,3,10,1,0.436452,26.9,ON,223.777,0.0351069
106.5,gNB_4G_2,43,15,0,256,3,16,-49.25,26,15,6,0.52992,36.475,ON,223.777,0.0378891
107.5,gNB_5G,43,15,10,256,3,6,-49.8333,15,16,6,0.495616,6.13333,ON,223.777,0.0132886
107.5,gNB_4G_1,43,15,0,256,3,18,-47.8889,3,10,1,0.437362,27.2583,ON,223.777,0.0351801
107.5,gNB_4G_2,43,15,0,256,3,13,-49.4615,26,18,8,0.542562,31.7333,ON,223.777,0.0315193
108.5,gNB_5G,43,15,10,256,3,5,-51.4,15,17,7,0.504627,5.66667,ON,223.777,0.0112752
108.5,gNB_4G_1,43,15,0,256,3,18,-47.0556,3,10,1,0.436907,27.225,ON,223.777,0.0351435
108.5,gNB_4G_2,43,15,0,256,3,14,-50.7857,27,18,8,0.535406,29.3583,ON,223.777,0.0334962
109.5,gNB_5G,43,15,10,256,3,4,-51.25,16,19,9,0.48128,4.94167,ON,223.777,0.00860284
109.5,gNB_4G_1,43,15,0,256,3,18,-49.4444,4,11,1,0.434176,31.95,ON,223.777,0.0349239
109.5,gNB_4G_2,43,15,0,256,3,15,-50.2667,30,20,9,0.535211,36.2667,ON,223.777,0.0358757
110.5,gNB_5G,43,15,10,256,3,6,-55.8333,18,19,9,0.460117,6.36667,ON,223.777,0.0123368
110.5,gNB_4G_1,43,15,0,256,3,17,-47.3529,5,13,2,0.456824,28.9167,ON,223.777,0.0347042
110.5,gNB_4G_2,43,15,0,256,3,14,-52.4286,31,22,11,0.523118,32.9583,ON,223.777,0.0327274
111.5,gNB_5G,43,15,10,256,3,4,-50.5,18,21,10,0.550912,6.55,ON,223.777,0.0098475
111.5,gNB_4G_1,43,15,0,256,3,16,-46.9375,5,14,3,0.477184,27.6083,ON,223.777,0.0341185
111.5,gNB_4G_2,43,15,0,256,3,17,-52.8824,34,22,11,0.477064,31.85,ON,223.777,0.0362417
112.5,gNB_5G,43,15,10,256,3,5,-57.4,20,22,10,0.437453,8.00833,ON,223.777,0.00977429
112.5,gNB_4G_1,43,15,0,256,3,15,-45.3333,5,15,3,0.493705,25.9417,ON,223.777,0.0330935
112.5,gNB_4G_2,43,15,0,256,3,17,-50.1176,36,24,13,0.484292,35.7667,ON,223.777,0.0367909
113.5,gNB_5G,43,15,10,256,3,4,-50,20,23,11,0.524288,10.5667,ON,223.777,0.0093716
113.5,gNB_4G_1,43,15,0,256,3,15,-44.3333,5,15,3,0.493158,25.6,ON,223.777,0.0330569
113.5,gNB_4G_2,43,15,0,256,3,18,-52.1667,37,24,13,0.462848,36.9167,ON,223.777,0.0372302
114.5,gNB_5G,43,15,10,256,3,4,-49.5,20,23,11,0.520192,4.23333,ON,223.777,0.00929839
114.5,gNB_4G_1,43,15,0,256,3,15,-45.6,5,15,3,0.494251,25.375,ON,223.777,0.0331301
114.5,gNB_4G_2,43,15,0,256,3,17,-49,37,24,13,0.488147,33.6917,ON,223.777,0.0370837
115.5,gNB_5G,43,15,10,256,3,3,-48,20,24,11,0.562517,3.9,ON,223.777,0.00754121
115.5,gNB_4G_1,43,15,0,256,3,16,-46.1875,5,15,3,0.478208,26.8417,ON,223.777,0.0341917
115.5,gNB_4G_2,43,15,0,256,3,18,-48.2222,38,24,13,0.481963,37.1667,ON,223.777,0.0387677
116.5,gNB_5G,43,15,10,256,3,3,-48,20,24,11,0.559787,3.41667,ON,223.777,0.0075046
116.5,gNB_4G_1,43,15,0,256,3,16,-45.9375,5,15,3,0.505344,28.4167,ON,223.777,0.0361319
116.5,gNB_4G_2,43,15,0,256,3,18,-48.8889,38,24,13,0.482873,33.5333,ON,223.777,0.0388409
117.5,gNB_5G,43,15,10,256,3,3,-47.6667,20,24,11,0.562517,3.43333,ON,223.777,0.00754121
117.5,gNB_4G_1,43,15,0,256,3,16,-44.6875,5,15,3,0.50432,27.7667,ON,223.777,0.0360587
117.5,gNB_4G_2,43,15,0,256,3,18,-49.7222,38,24,13,0.479687,35.4333,ON,223.777,0.0385846
118.5,gNB_5G,43,15,10,256,3,4,-48.75,21,24,11,0.62464,5.34167,ON,223.777,0.0111654
118.5,gNB_4G_1,43,15,0,256,3,16,-44.625,5,15,3,0.507904,28.6083,ON,223.777,0.036315
118.5,gNB_4G_2,43,15,0,256,3,17,-49.2353,38,25,13,0.453451,37.575,ON,223.777,0.034448
119.5,gNB_5G,43,15,10,256,3,4,-51.75,21,24,11,0.62464,5.08333,ON,223.777,0.0111654
119.5,gNB_4G_1,43,15,0,256,3,16,-43.25,5,15,3,0.503808,27.6833,ON,223.777,0.0360221
119.5,gNB_4G_2,43,15,0,256,3,17,-50,38,25,13,0.462125,36.2583,ON,223.777,0.0351069
120.5,gNB_5G,43,15,10,256,3,5,-50.2,22,24,11,0.534118,5.90833,ON,223.777,0.0119341
120.5,gNB_4G_1,43,15,0,256,3,17,-44.4706,5,15,3,0.490074,29.8583,ON,223.777,0.0372302
120.5,gNB_4G_2,43,15,0,256,3,17,-50.7059,38,26,13,0.465498,37.325,ON,223.777,0.0353632
121.5,gNB_5G,43,15,10,256,3,5,-50.6,22,24,11,0.529203,5.38333,ON,223.777,0.0118243
121.5,gNB_4G_1,43,15,0,256,3,17,-44,5,15,3,0.499712,29.1,ON,223.777,0.0379623
121.5,gNB_4G_2,43,15,0,256,3,17,-50.7647,38,26,13,0.474654,36.6583,ON,223.777,0.0360587
122.5,gNB_5G,43,15,10,256,3,4,-50,22,25,11,0.462848,4.03333,ON,223.777,0.00827337
122.5,gNB_4G_1,43,15,0,256,3,17,-45.5882,5,15,3,0.50164,29.8,ON,223.777,0.0381087
122.5,gNB_4G_2,43,15,0,256,3,18,-51.3889,39,26,13,0.501532,38.8833,ON,223.777,0.0403418
123.5,gNB_5G,43,15,10,256,3,4,-47.75,23,26,11,0.507904,4.825,ON,223.777,0.00907874
123.5,gNB_4G_1,43,15,0,256,3,16,-43.25,5,16,3,0.5248,30.2583,ON,223.777,0.037523
123.5,gNB_4G_2,43,15,0,256,3,19,-52.6316,41,27,13,0.467806,34.875,ON,223.777,0.0397195
124.5,gNB_5G,43,15,10,256,3,5,-52.6,24,26,11,0.478413,5.15833,ON,223.777,0.0106895
124.5,gNB_4G_1,43,15,0,256,3,15,-42.6,5,17,3,0.537395,30.4083,ON,223.777,0.0360221
124.5,gNB_4G_2,43,15,0,256,3,19,-54.1053,41,27,13,0.464357,41.7583,ON,223.777,0.0394266
125.5,gNB_5G,43,15,10,256,3,3,-46.3333,24,28,12,0.557056,4.44167,ON,223.777,0.007468
125.5,gNB_4G_1,43,15,0,256,3,17,-47.7059,7,17,3,0.497303,29.5,ON,223.777,0.0377793
125.5,gNB_4G_2,43,15,0,256,3,19,-50.5789,43,29,14,0.475998,44.5583,ON,223.777,0.040415
126.5,gNB_5G,43,15,10,256,3,4,-52.25,25,28,12,0.456704,4.075,ON,223.777,0.00816354
126.5,gNB_4G_1,43,15,0,256,3,17,-46.2941,7,17,3,0.498748,33.8917,ON,223.777,0.0378891
126.5,gNB_4G_2,43,15,0,256,3,18,-51,43,30,14,0.492885,42.9667,ON,223.777,0.0396463
127.5,gNB_5G,43,15,10,256,3,5,-54.4,26,28,12,0.455475,4.45833,ON,223.777,0.010177
127.5,gNB_4G_1,43,15,0,256,3,16,-45.9375,7,18,3,0.512,37.7333,ON,223.777,0.0366078
127.5,gNB_4G_2,43,15,0,256,3,18,-53.3333,44,31,14,0.486969,42.875,ON,223.777,0.0391704
128.5,gNB_5G,43,15,10,256,3,3,-48,26,30,14,0.562517,4.23333,ON,223.777,0.00754121
128.5,gNB_4G_1,43,15,0,256,3,18,-47.3889,9,18,3,0.474226,34.4,ON,223.777,0.0381453
128.5,gNB_4G_2,43,15,0,256,3,18,-51.1111,46,33,15,0.495616,52.4667,ON,223.777,0.0398659
129.5,gNB_5G,43,15,10,256,3,3,-48,27,31,14,0.562517,4.225,ON,223.777,0.00754121
129.5,gNB_4G_1,43,15,0,256,3,17,-45.3529,9,19,3,0.496821,45.2417,ON,223.777,0.0377427
129.5,gNB_4G_2,43,15,0,256,3,19,-51.7368,47,33,15,0.475567,47.55,ON,223.777,0.0403784
130.5,gNB_5G,43,15,10,256,3,4,-48.75,27,31,14,0.509952,4.675,ON,223.777,0.00911535
130.5,gNB_4G_1,43,15,0,256,3,19,-50.1053,10,19,3,0.471687,63.7417,ON,223.777,0.040049
130.5,gNB_4G_2,43,15,0,256,3,18,-52.2222,47,34,15,0.473771,50.8333,ON,223.777,0.0381087
131.5,gNB_5G,43,15,10,256,3,5,-58,29,32,14,0.498074,6.31667,ON,223.777,0.0111288
131.5,gNB_4G_1,43,15,0,256,3,17,-43.9412,10,21,4,0.479955,41.0417,ON,223.777,0.0364614
131.5,gNB_4G_2,43,15,0,256,3,19,-53.5263,50,36,16,0.500143,37.8083,ON,223.777,0.0424651
132.5,gNB_5G,43,15,10,256,3,3,-48,29,34,15,0.652629,4.4,ON,223.777,0.00874927
132.5,gNB_4G_1,43,15,0,256,3,19,-45.8421,12,21,4,0.471256,33.6333,ON,223.777,0.0400123
132.5,gNB_4G_2,43,15,0,256,3,19,-51.7368,51,37,17,0.484621,52.8833,ON,223.777,0.0411472
133.5,gNB_5G,43,15,10,256,3,5,-59.2,31,34,15,0.507904,5.98333,ON,223.777,0.0113484
133.5,gNB_4G_1,43,15,0,256,3,18,-45,12,22,5,0.476501,52.0083,ON,223.777,0.0383284
133.5,gNB_4G_2,43,15,0,256,3,18,-51.4444,51,38,18,0.498347,40.775,ON,223.777,0.0400856
134.5,gNB_5G,43,15,10,256,3,5,-62,31,34,15,0.502989,9.38333,ON,223.777,0.0112386
134.5,gNB_4G_1,43,15,0,256,3,18,-47.6111,12,22,5,0.47104,65.7583,ON,223.777,0.0378891
134.5,gNB_4G_2,43,15,0,256,3,17,-52.2941,51,38,18,0.479473,44.3333,ON,223.777,0.0364248
135.5,gNB_5G,43,15,10,256,3,5,-57.4,32,35,16,0.537395,30.0917,ON,223.777,0.0120074
135.5,gNB_4G_1,43,15,0,256,3,18,-44.6667,13,23,5,0.476956,43.7333,ON,223.777,0.038365
135.5,gNB_4G_2,43,15,0,256,3,17,-53.4118,53,40,18,0.462607,50.0333,ON,223.777,0.0351435
136.5,gNB_5G,43,15,10,256,3,5,-64.2,33,36,16,0.517734,63.3583,ON,223.777,0.0115681
136.5,gNB_4G_1,43,15,0,256,3,17,-43.3529,13,24,6,0.492966,38.4667,ON,223.777,0.0374498
136.5,gNB_4G_2,43,15,0,256,3,19,-54.8421,55,41,18,0.447973,57.2167,ON,223.777,0.0380355
137.5,gNB_5G,43,15,10,256,3,5,-57.4,35,38,18,0.617677,19.55,ON,223.777,0.0138011
137.5,gNB_4G_1,43,15,0,256,3,17,-41.4706,14,24,6,0.489592,30.2667,ON,223.777,0.0371935
137.5,gNB_4G_2,43,15,0,256,3,18,-54.6111,57,44,19,0.476956,64.025,ON,223.777,0.038365
138.5,gNB_5G,43,15,10,256,3,4,-49.5,35,39,19,0.698368,35.35,ON,223.777,0.0124833
138.5,gNB_4G_1,43,15,0,256,3,18,-44.4118,14,24,6,0.476501,37.2833,ON,223.777,0.0383284
138.5,gNB_4G_2,43,15,0,256,3,18,-53.1667,58,44,19,0.479687,36.15,ON,223.777,0.0385846
139.5,gNB_5G,43,15,10,256,3,5,-50.8,35,39,19,0.720896,6.275,ON,223.777,0.0161074
139.5,gNB_4G_1,43,15,0,256,3,17,-45.5882,14,24,6,0.485256,38.2333,ON,223.777,0.0368641
139.5,gNB_4G_2,43,15,0,256,3,17,-51.8824,58,44,19,0.481882,37.6167,ON,223.777,0.0366078
140.5,gNB_5G,43,15,10,256,3,4,-49,35,40,19,0.677888,5.78333,ON,223.777,0.0121172
140.5,gNB_4G_1,43,15,0,256,3,17,-44.9412,15,25,6,0.475136,33.8,ON,223.777,0.0360953
140.5,gNB_4G_2,43,15,0,256,3,18,-53.3889,60,45,19,0.514276,48.5,ON,223.777,0.0413668
141.5,gNB_5G,43,15,10,256,3,4,-48.5,36,41,20,0.671744,64.7167,ON,223.777,0.0120074
141.5,gNB_4G_1,43,15,0,256,3,17,-44.0588,15,26,7,0.465498,30.4917,ON,223.777,0.0353632
141.5,gNB_4G_2,43,15,0,256,3,19,-55.3158,62,46,19,0.476429,56.9333,ON,223.777,0.0404516
142.5,gNB_5G,43,15,10,256,3,4,-48.25,36,41,20,0.677888,5.51667,ON,223.777,0.0121172
142.5,gNB_4G_1,43,15,0,256,3,19,-46.6842,17,26,7,0.456596,50.125,ON,223.777,0.0387677
142.5,gNB_4G_2,43,15,0,256,3,18,-54.3889,62,48,21,0.479232,66.6083,ON,223.777,0.038548
143.5,gNB_5G,43,15,10,256,3,6,-52.6667,38,42,20,0.6144,8.225,ON,223.777,0.0164735
143.5,gNB_4G_1,43,15,0,256,3,19,-48.4737,17,26,7,0.45789,64.7167,ON,223.777,0.0388775
143.5,gNB_4G_2,43,15,0,256,3,16,-51.4375,63,50,21,0.48896,37.6583,ON,223.777,0.0349605
144.5,gNB_5G,43,15,10,256,3,6,-52.3333,39,43,21,0.546133,8.15833,ON,223.777,0.0146431
144.5,gNB_4G_1,43,15,0,256,3,18,-44,17,27,7,0.479232,34.075,ON,223.777,0.038548
144.5,gNB_4G_2,43,15,0,256,3,17,-50.2353,64,50,21,0.507422,33.225,ON,223.777,0.038548
145.5,gNB_5G,43,15,10,256,3,5,-53,40,45,22,0.507904,7.125,ON,223.777,0.0113484
145.5,gNB_4G_1,43,15,0,256,3,19,-43.7895,17,27,7,0.460477,32.1667,ON,223.777,0.0390972
145.5,gNB_4G_2,43,15,0,256,3,18,-50.1111,66,51,21,0.517916,35.7167,ON,223.777,0.0416597
146.5,gNB_5G,43,15,10,256,3,5,-56,40,45,22,0.516096,5.26667,ON,223.777,0.0115315
146.5,gNB_4G_1,43,15,0,256,3,19,-42.9474,17,27,7,0.4691,32.4667,ON,223.777,0.0398293
146.5,gNB_4G_2,43,15,0,256,3,17,-49.6471,66,51,21,0.526697,36.9167,ON,223.777,0.0400123
147.5,gNB_5G,43,15,10,256,3,5,-54.2,40,45,22,0.519373,5.28333,ON,223.777,0.0116047
147.5,gNB_4G_1,43,15,0,256,3,19,-44.0526,17,27,7,0.466513,31.8917,ON,223.777,0.0396097
147.5,gNB_4G_2,43,15,0,256,3,17,-50,66,51,21,0.535853,34.225,ON,223.777,0.0407079
148.5,gNB_5G,43,15,10,256,3,4,-54.5,40,46,22,0.499712,4.73333,ON,223.777,0.00893231
148.5,gNB_4G_1,43,15,0,256,3,19,-44.7368,17,27,7,0.471256,31.8083,ON,223.777,0.0400123
148.5,gNB_4G_2,43,15,0,256,3,18,-49.2222,67,51,21,0.535211,33.2417,ON,223.777,0.0430508
149.5,gNB_5G,43,15,10,256,3,4,-54.25,40,46,22,0.50176,4.08333,ON,223.777,0.00896892
149.5,gNB_4G_1,43,15,0,256,3,19,-43.3158,17,27,7,0.469531,30.4333,ON,223.777,0.0398659
149.5,gNB_4G_2,43,15,0,256,3,18,-50.9444,67,51,21,0.53248,36.8,ON,223.777,0.0428311
150.5,gNB_5G,43,15,10,256,3,5,-52.4,41,46,22,0.498074,5.04167,ON,223.777,0.0111288
150.5,gNB_4G_1,43,15,0,256,3,19,-43.5263,17,27,7,0.4691,30.4583,ON,223.777,0.0398293
150.5,gNB_4G_2,43,15,0,256,3,17,-50.7647,67,52,21,0.537781,42.8417,ON,223.777,0.0408543
151.5,gNB_5G,43,15,10,256,3,4,-49.75,42,47,23,0.606208,5.99167,ON,223.777,0.0108359
151.5,gNB_4G_1,43,15,0,256,3,19,-44.1053,17,27,7,0.4691,31.3417,ON,223.777,0.0398293
151.5,gNB_4G_2,43,15,0,256,3,17,-53.5294,68,53,21,0.513687,67.2917,ON,223.777,0.0390239
152.5,gNB_5G,43,15,10,256,3,4,-50.25,42,47,23,0.610304,4.96667,ON,223.777,0.0109091
152.5,gNB_4G_1,43,15,0,256,3,19,-48,18,27,7,0.469531,39.3417,ON,223.777,0.0398659
152.5,gNB_4G_2,43,15,0,256,3,16,-49.3125,68,54,21,0.521728,71.4417,ON,223.777,0.0373034
153.5,gNB_5G,43,15,10,256,3,4,-49.25,42,47,23,0.608256,4.95,ON,223.777,0.0108725
153.5,gNB_4G_1,43,15,0,256,3,20,-46.45,19,27,7,0.446874,63.325,ON,223.777,0.0399391
153.5,gNB_4G_2,43,15,0,256,3,16,-50.7333,68,55,21,0.48896,61.775,ON,223.777,0.0349605
154.5,gNB_5G,43,15,10,256,3,5,-53.6,43,47,23,0.589824,6.44167,ON,223.777,0.0131788
154.5,gNB_4G_1,43,15,0,256,3,19,-43.8421,19,29,8,0.499712,41.7083,ON,223.777,0.0424285
154.5,gNB_4G_2,43,15,0,256,3,16,-53.0625,69,55,21,0.514048,47.8333,ON,223.777,0.0367543
155.5,gNB_5G,43,15,10,256,3,4,-49.75,43,48,24,0.610304,5.16667,ON,223.777,0.0109091
155.5,gNB_4G_1,43,15,0,256,3,20,-44.35,20,29,8,0.495206,38.9667,ON,223.777,0.0442589
155.5,gNB_4G_2,43,15,0,256,3,16,-52.625,69,55,21,0.513536,43.625,ON,223.777,0.0367176
156.5,gNB_5G,43,15,10,256,3,5,-56,44,48,24,0.593101,6.49167,ON,223.777,0.013252
156.5,gNB_4G_1,43,15,0,256,3,19,-43.2632,20,30,9,0.492813,35.2,ON,223.777,0.0418427
156.5,gNB_4G_2,43,15,0,256,3,16,-54.9375,69,55,21,0.520704,48.6333,ON,223.777,0.0372302
157.5,gNB_5G,43,15,10,256,3,5,-56.8,44,48,24,0.602931,6.875,ON,223.777,0.0134717
157.5,gNB_4G_1,43,15,0,256,3,19,-42.5263,20,30,9,0.494107,32,ON,223.777,0.0419526
157.5,gNB_4G_2,43,15,0,256,3,16,-53.1875,69,55,21,0.51456,33.4083,ON,223.777,0.0367909
158.5,gNB_5G,43,15,10,256,3,2,-46,44,51,25,0.745472,10.2167,ON,223.777,0.00666262
158.5,gNB_4G_1,43,15,0,256,3,20,-45.75,21,30,9,0.497664,34.425,ON,223.777,0.0444785
158.5,gNB_4G_2,43,15,0,256,3,18,-51.8889,71,55,21,0.504718,46.025,ON,223.777,0.0405981
159.5,gNB_5G,43,15,10,256,3,2,-68,45,52,25,0.548864,10.6167,ON,223.777,0.00490545
159.5,gNB_4G_1,43,15,0,256,3,20,-46.9,22,31,10,0.48169,50.1917,ON,223.777,0.0430508
159.5,gNB_4G_2,43,15,0,256,3,18,-50.4444,72,56,21,0.532025,70.7667,ON,223.777,0.0427945
160.5,gNB_5G,43,15,10,256,3,1,-47,45,53,25,0.73728,38.9917,ON,223.777,0.0032947
160.5,gNB_4G_1,43,15,0,256,3,20,-47.8,22,31,10,0.482509,46.4083,ON,223.777,0.043124
160.5,gNB_4G_2,43,15,0,256,3,18,-52.0556,73,56,21,0.541127,55.2583,ON,223.777,0.0435267
161.5,gNB_5G,43,15,10,256,3,1,-47,45,53,25,0.745472,1.51667,ON,223.777,0.00333131
161.5,gNB_4G_1,43,15,0,256,3,20,-45.15,22,32,11,0.478413,64.1917,ON,223.777,0.0427579
161.5,gNB_4G_2,43,15,0,256,3,17,-53.9412,74,56,21,0.539226,56.8917,ON,223.777,0.0409641
162.5,gNB_5G,43,15,10,256,3,2,-46.5,46,53,25,0.741376,3.00833,ON,223.777,0.00662602
162.5,gNB_4G_1,43,15,0,256,3,20,-44.3,23,32,11,0.488653,49.7083,ON,223.777,0.0436731
162.5,gNB_4G_2,43,15,0,256,3,16,-54.5625,74,58,22,0.543232,42.7083,ON,223.777,0.0388409
163.5,gNB_5G,43,15,10,256,3,2,-44.5,46,53,25,0.745472,3.03333,ON,223.777,0.00666262
163.5,gNB_4G_1,43,15,0,256,3,19,-43.1579,23,33,12,0.494538,39.0917,ON,223.777,0.0419892
163.5,gNB_4G_2,43,15,0,256,3,17,-55.3529,75,58,22,0.545009,38.875,ON,223.777,0.0414034
164.5,gNB_5G,43,15,10,256,3,2,-46.5,46,53,25,0.745472,3.03333,ON,223.777,0.00666262
164.5,gNB_4G_1,43,15,0,256,3,20,-44.3,23,33,12,0.489062,37.8583,ON,223.777,0.0437097
164.5,gNB_4G_2,43,15,0,256,3,17,-54,75,58,22,0.545009,53.0167,ON,223.777,0.0414034
165.5,gNB_5G,43,15,10,256,3,2,-46,46,53,25,0.741376,3.01667,ON,223.777,0.00662602
165.5,gNB_4G_1,43,15,0,256,3,21,-43.3333,24,33,12,0.514926,40.7333,ON,223.777,0.0483223
165.5,gNB_4G_2,43,15,0,256,3,16,-55.875,75,59,22,0.533504,60.875,ON,223.777,0.0381453
166.5,gNB_5G,43,15,10,256,3,1,-48,46,54,25,0.745472,2.66667,ON,223.777,0.00333131
166.5,gNB_4G_1,43,15,0,256,3,20,-43.5,24,34,12,0.536166,41.575,ON,223.777,0.0479196
166.5,gNB_4G_2,43,15,0,256,3,18,-54,77,59,22,0.523833,52.8833,ON,223.777,0.0421356
167.5,gNB_5G,43,15,10,256,3,2,-46,47,54,25,0.745472,2.40833,ON,223.777,0.00666262
167.5,gNB_4G_1,43,15,0,256,3,21,-44.6667,25,34,12,0.513755,53.8917,ON,223.777,0.0482125
167.5,gNB_4G_2,43,15,0,256,3,16,-52.8125,77,61,23,0.524288,77.5333,ON,223.777,0.0374864
168.5,gNB_5G,43,15,10,256,3,2,-43.5,47,54,25,0.745472,3.03333,ON,223.777,0.00666262
168.5,gNB_4G_1,43,15,0,256,3,20,-44,25,35,13,0.528384,61.3333,ON,223.777,0.0472241
168.5,gNB_4G_2,43,15,0,256,3,17,-54.2941,78,61,23,0.513205,63.0917,ON,223.777,0.0389873
169.5,gNB_5G,43,15,10,256,3,3,-51.6667,48,54,25,0.742741,4.525,ON,223.777,0.00995733
169.5,gNB_4G_1,43,15,0,256,3,19,-43.7895,25,36,13,0.533773,36.1333,ON,223.777,0.0453205
169.5,gNB_4G_2,43,15,0,256,3,17,-51.2353,79,62,23,0.514168,33.4833,ON,223.777,0.0390605
170.5,gNB_5G,43,15,10,256,3,3,-52.3333,48,54,25,0.745472,4.55,ON,223.777,0.00999393
170.5,gNB_4G_1,43,15,0,256,3,19,-44.5789,25,36,13,0.531618,36.2,ON,223.777,0.0451374
170.5,gNB_4G_2,43,15,0,256,3,17,-50.2941,79,62,23,0.503085,33.775,ON,223.777,0.0382186
171.5,gNB_5G,43,15,10,256,3,2,-45.5,48,55,26,0.745472,3.26667,ON,223.777,0.00666262
171.5,gNB_4G_1,43,15,0,256,3,19,-43.4211,25,36,13,0.532049,36.9167,ON,223.777,0.045174
171.5,gNB_4G_2,43,15,0,256,3,17,-49.8824,80,62,23,0.535853,37.4167,ON,223.777,0.0407079
172.5,gNB_5G,43,15,10,256,3,3,-49,49,55,26,0.543403,3.79167,ON,223.777,0.00728496
172.5,gNB_4G_1,43,15,0,256,3,19,-44.3158,25,36,13,0.531618,38.0583,ON,223.777,0.0451374
172.5,gNB_4G_2,43,15,0,256,3,16,-49.625,80,63,23,0.564736,34.4083,ON,223.777,0.0403784
173.5,gNB_5G,43,15,10,256,3,3,-48.3333,49,55,26,0.537941,3.28333,ON,223.777,0.00721174
173.5,gNB_4G_1,43,15,0,256,3,19,-44.1053,25,36,13,0.526875,39.1167,ON,223.777,0.0447348
173.5,gNB_4G_2,43,15,0,256,3,16,-49.4375,80,63,23,0.556032,36.3667,ON,223.777,0.0397561
174.5,gNB_5G,43,15,10,256,3,3,-48.6667,50,56,27,0.567979,4.09167,ON,223.777,0.00761443
174.5,gNB_4G_1,43,15,0,256,3,17,-43.6471,25,37,13,0.518505,46.9583,ON,223.777,0.03939
174.5,gNB_4G_2,43,15,0,256,3,17,-49.2941,82,64,23,0.551273,40.0417,ON,223.777,0.0418793
175.5,gNB_5G,43,15,10,256,3,3,-49.6667,50,56,27,0.57344,3.5,ON,223.777,0.00768764
175.5,gNB_4G_1,43,15,0,256,3,17,-44.1765,25,37,13,0.51706,29.5667,ON,223.777,0.0392802
175.5,gNB_4G_2,43,15,0,256,3,17,-48.7647,82,64,23,0.569103,35.3167,ON,223.777,0.0432338
176.5,gNB_5G,43,15,10,256,3,3,-49,50,56,27,0.570709,3.48333,ON,223.777,0.00765103
176.5,gNB_4G_1,43,15,0,256,3,17,-43.5882,25,37,13,0.518987,31.3833,ON,223.777,0.0394266
176.5,gNB_4G_2,43,15,0,256,3,18,-49.7222,82,64,23,0.541127,37.9583,ON,223.777,0.0435267
177.5,gNB_5G,43,15,10,256,3,2,-43,50,57,27,0.745472,3.28333,ON,223.777,0.00666262
177.5,gNB_4G_1,43,15,0,256,3,18,-44.1111,25,37,13,0.504263,32.575,ON,223.777,0.0405615
177.5,gNB_4G_2,43,15,0,256,3,18,-49,83,64,23,0.536121,45.1917,ON,223.777,0.043124
178.5,gNB_5G,43,15,10,256,3,2,-46,50,57,27,0.745472,3.03333,ON,223.777,0.00666262
178.5,gNB_4G_1,43,15,0,256,3,19,-45.7368,26,37,13,0.524719,36.6583,ON,223.777,0.0445517
178.5,gNB_4G_2,43,15,0,256,3,16,-49,83,65,23,0.51456,37.85,ON,223.777,0.0367909
179.5,gNB_5G,43,15,10,256,3,2,-46,50,57,27,0.745472,3.03333,ON,223.777,0.00666262
179.5,gNB_4G_1,43,15,0,256,3,19,-46.8421,26,37,13,0.522995,37.225,ON,223.777,0.0444053
179.5,gNB_4G_2,43,15,0,256,3,16,-48.8125,83,65,23,0.514048,33.9917,ON,223.777,0.0367543
180.5,gNB_5G,43,15,10,256,3,2,-47,50,57,27,0.745472,3.03333,ON,223.777,0.00666262
180.5,gNB_4G_1,43,15,0,256,3,20,-46.3,27,37,13,0.496435,40.8167,ON,223.777,0.0443687
180.5,gNB_4G_2,43,15,0,256,3,16,-49.4,83,66,23,0.507904,39.9667,ON,223.777,0.036315
181.5,gNB_5G,43,15,10,256,3,4,-56.5,52,57,27,0.509952,4.65,ON,223.777,0.00911535
181.5,gNB_4G_1,43,15,0,256,3,18,-45.2778,27,39,13,0.517461,46.4417,ON,223.777,0.0416231
181.5,gNB_4G_2,43,15,0,256,3,16,-51,83,66,23,0.51712,35.2833,ON,223.777,0.0369739
182.5,gNB_5G,43,15,10,256,3,3,-51.3333,53,59,28,0.638976,4.86667,ON,223.777,0.00856623
182.5,gNB_4G_1,43,15,0,256,3,19,-48.4737,29,40,13,0.481172,50.9667,ON,223.777,0.0408543
182.5,gNB_4G_2,43,15,0,256,3,16,-50,84,67,23,0.51456,46.7167,ON,223.777,0.0367909
183.5,gNB_5G,43,15,10,256,3,3,-53.6667,54,60,28,0.701781,5.21667,ON,223.777,0.00940821
183.5,gNB_4G_1,43,15,0,256,3,19,-47.0526,30,41,13,0.48031,48.4,ON,223.777,0.0407811
183.5,gNB_4G_2,43,15,0,256,3,18,-53.7647,85,68,23,0.473316,53.1583,ON,223.777,0.0380721
184.5,gNB_5G,43,15,10,256,3,5,-62.4,56,60,28,0.53248,5.91667,ON,223.777,0.0118975
184.5,gNB_4G_1,43,15,0,256,3,20,-47.65,30,42,14,0.496026,37.1167,ON,223.777,0.0443321
184.5,gNB_4G_2,43,15,0,256,3,15,-49.8667,85,69,23,0.534665,41.4917,ON,223.777,0.0358391
185.5,gNB_5G,43,15,10,256,3,4,-62,56,61,28,0.612352,5.20833,ON,223.777,0.0109457
185.5,gNB_4G_1,43,15,0,256,3,21,-48.1429,31,42,14,0.486449,40.05,ON,223.777,0.04565
185.5,gNB_4G_2,43,15,0,256,3,15,-50.3333,85,69,23,0.534118,34.425,ON,223.777,0.0358024
186.5,gNB_5G,43,15,10,256,3,4,-64.5,57,62,28,0.628736,6.48333,ON,223.777,0.0112386
186.5,gNB_4G_1,43,15,0,256,3,21,-46.6,31,43,15,0.480207,37.1,ON,223.777,0.0450642
186.5,gNB_4G_2,43,15,0,256,3,16,-52.0625,86,69,23,0.510976,34.375,ON,223.777,0.0365346
187.5,gNB_5G,43,15,10,256,3,3,-55.3333,57,63,28,0.767317,4.76667,ON,223.777,0.0102868
187.5,gNB_4G_1,43,15,0,256,3,21,-47.0952,31,43,15,0.487619,36.7,ON,223.777,0.0457598
187.5,gNB_4G_2,43,15,0,256,3,18,-54.8333,87,69,23,0.470585,39.4167,ON,223.777,0.0378525
188.5,gNB_5G,43,15,10,256,3,4,-60.75,59,64,29,0.626688,26.55,ON,223.777,0.011202
188.5,gNB_4G_1,43,15,0,256,3,22,-46.7273,31,43,15,0.47737,37.4667,ON,223.777,0.0469312
188.5,gNB_4G_2,43,15,0,256,3,16,-52.3125,88,71,25,0.509952,38.8583,ON,223.777,0.0364614
189.5,gNB_5G,43,15,10,256,3,3,-54,59,65,30,0.770048,7.675,ON,223.777,0.0103234
189.5,gNB_4G_1,43,15,0,256,3,24,-46.625,31,43,15,0.447829,39.8917,ON,223.777,0.0480295
189.5,gNB_4G_2,43,15,0,256,3,17,-54.4118,89,71,25,0.494893,37.825,ON,223.777,0.0375962
190.5,gNB_5G,43,15,10,256,3,4,-62.25,60,65,30,0.632832,6.91667,ON,223.777,0.0113118
190.5,gNB_4G_1,43,15,0,256,3,23,-47.6957,31,43,15,0.450916,39.5167,ON,223.777,0.0463455
190.5,gNB_4G_2,43,15,0,256,3,15,-48.7333,89,72,26,0.53248,39.975,ON,223.777,0.0356926
191.5,gNB_5G,43,15,10,256,3,2,-48,60,66,31,0.741376,48.375,ON,223.777,0.00662602
191.5,gNB_4G_1,43,15,0,256,3,23,-47.0435,31,43,15,0.445574,40.075,ON,223.777,0.0457964
191.5,gNB_4G_2,43,15,0,256,3,16,-52.1875,90,72,26,0.516608,36.725,ON,223.777,0.0369373
192.5,gNB_5G,43,15,10,256,3,3,-53.6667,61,66,31,0.660821,3.88333,ON,223.777,0.00885909
192.5,gNB_4G_1,43,15,0,256,3,22,-46.2273,31,44,15,0.440506,44.7167,ON,223.777,0.0433071
192.5,gNB_4G_2,43,15,0,256,3,16,-51.6875,91,73,26,0.516608,37.2583,ON,223.777,0.0369373
193.5,gNB_5G,43,15,10,256,3,3,-53,62,67,32,0.666283,5.50833,ON,223.777,0.00893231
193.5,gNB_4G_1,43,15,0,256,3,20,-46.35,31,46,15,0.457523,37.2333,ON,223.777,0.0408909
193.5,gNB_4G_2,43,15,0,256,3,17,-50.3529,94,74,26,0.509832,38,ON,223.777,0.0387311
194.5,gNB_5G,43,15,10,256,3,2,-47,62,68,33,0.745472,4.65833,ON,223.777,0.00666262
194.5,gNB_4G_1,43,15,0,256,3,21,-46.8,31,46,15,0.447439,31.9667,ON,223.777,0.0419892
194.5,gNB_4G_2,43,15,0,256,3,17,-50.4706,95,74,26,0.511759,37.4333,ON,223.777,0.0388775
195.5,gNB_5G,43,15,10,256,3,2,-47,62,68,33,0.741376,3.01667,ON,223.777,0.00662602
195.5,gNB_4G_1,43,15,0,256,3,20,-45.95,31,46,15,0.461619,33.6583,ON,223.777,0.041257
195.5,gNB_4G_2,43,15,0,256,3,16,-49.0625,95,74,26,0.508928,36.825,ON,223.777,0.0363882
196.5,gNB_5G,43,15,10,256,3,2,-47.5,62,68,33,0.745472,3.03333,ON,223.777,0.00666262
196.5,gNB_4G_1,43,15,0,256,3,20,-47.75,31,46,15,0.462029,32.1083,ON,223.777,0.0412936
196.5,gNB_4G_2,43,15,0,256,3,16,-49.0625,95,74,26,0.510464,34.25,ON,223.777,0.036498
197.5,gNB_5G,43,15,10,256,3,2,-46.5,62,68,33,0.745472,3.03333,ON,223.777,0.00666262
197.5,gNB_4G_1,43,15,0,256,3,20,-47.75,31,46,15,0.462438,31.8083,ON,223.777,0.0413302
197.5,gNB_4G_2,43,15,0,256,3,16,-49.25,95,74,26,0.506368,36.1083,ON,223.777,0.0362051
198.5,gNB_5G,43,15,10,256,3,2,-47.5,62,68,33,0.741376,3.01667,ON,223.777,0.00662602
198.5,gNB_4G_1,43,15,0,256,3,20,-45.75,31,46,15,0.461619,30.9,ON,223.777,0.041257
198.5,gNB_4G_2,43,15,0,256,3,16,-49.3125,95,74,26,0.508928,33.45,ON,223.777,0.0363882
199.5,gNB_5G,43,15,10,256,3,2,-48,62,68,33,0.745472,3.03333,ON,223.777,0.00666262
199.5,gNB_4G_1,43,15,0,256,3,20,-44.7,31,46,15,0.4608,29.95,ON,223.777,0.0411838
199.5,gNB_4G_2,43,15,0,256,3,16,-49.0625,95,74,26,0.508928,32.8167,ON,223.777,0.0363882
200.5,gNB_5G,43,15,10,256,3,2,-48.5,62,68,33,0.745472,3.03333,ON,223.777,0.00666262
200.5,gNB_4G_1,43,15,0,256,3,23,-46.5652,32,46,15,0.416723,34.0667,ON,223.777,0.0428311
200.5,gNB_4G_2,43,15,0,256,3,15,-48.8,95,75,26,0.530295,35.0833,ON,223.777,0.0355462
201.5,gNB_5G,43,15,10,256,3,2,-47.5,62,68,33,0.745472,3.03333,ON,223.777,0.00666262
201.5,gNB_4G_1,43,15,0,256,3,23,-45.7826,32,46,15,0.42634,37.7,ON,223.777,0.0438196
201.5,gNB_4G_2,43,15,0,256,3,16,-48.2667,95,75,26,0.49408,36.9417,ON,223.777,0.0353265
202.5,gNB_5G,43,15,10,256,3,2,-48,62,68,33,0.745472,3.03333,ON,223.777,0.00666262
202.5,gNB_4G_1,43,15,0,256,3,24,-45.9167,33,46,15,0.431104,44.2833,ON,223.777,0.0462357
202.5,gNB_4G_2,43,15,0,256,3,15,-49.8667,95,76,26,0.497527,33.2417,ON,223.777,0.0333497
203.5,gNB_5G,43,15,10,256,3,1,-50,62,69,33,0.745472,2.36667,ON,223.777,0.00333131
203.5,gNB_4G_1,43,15,0,256,3,22,-45.2273,33,48,16,0.449443,45.9167,ON,223.777,0.0441856
203.5,gNB_4G_2,43,15,0,256,3,17,-49.5294,98,76,26,0.46839,31.925,ON,223.777,0.0355828
204.5,gNB_5G,43,15,10,256,3,1,-47,62,69,33,0.745472,1.51667,ON,223.777,0.00333131
204.5,gNB_4G_1,43,15,0,256,3,21,-44.1429,33,49,17,0.446659,36.025,ON,223.777,0.041916
204.5,gNB_4G_2,43,15,0,256,3,18,-49.6111,99,76,26,0.474681,33.6583,ON,223.777,0.038182
205.5,gNB_5G,43,15,10,256,3,1,-47,63,70,33,0.73728,2.64167,ON,223.777,0.0032947
205.5,gNB_4G_1,43,15,0,256,3,21,-43.7619,33,49,17,0.445099,30.075,ON,223.777,0.0417695
205.5,gNB_4G_2,43,15,0,256,3,18,-49.2778,100,77,27,0.473771,33.2667,ON,223.777,0.0381087
206.5,gNB_5G,43,15,10,256,3,1,-47,63,70,33,0.745472,1.51667,ON,223.777,0.00333131
206.5,gNB_4G_1,43,15,0,256,3,21,-44.5714,33,49,17,0.445489,31.8667,ON,223.777,0.0418061
206.5,gNB_4G_2,43,15,0,256,3,18,-49.4444,100,77,27,0.464213,38.475,ON,223.777,0.03734
207.5,gNB_5G,43,15,10,256,3,1,-48,63,70,33,0.745472,1.51667,ON,223.777,0.00333131
207.5,gNB_4G_1,43,15,0,256,3,22,-45.1818,34,49,17,0.459124,34.55,ON,223.777,0.0451374
207.5,gNB_4G_2,43,15,0,256,3,17,-49.4706,100,78,27,0.456824,37.5167,ON,223.777,0.0347042
208.5,gNB_5G,43,15,10,256,3,1,-48,63,70,33,0.745472,1.51667,ON,223.777,0.00333131
208.5,gNB_4G_1,43,15,0,256,3,22,-44.7273,34,49,17,0.453539,40.625,ON,223.777,0.0445883
208.5,gNB_4G_2,43,15,0,256,3,17,-49.0588,100,78,27,0.453451,33.6167,ON,223.777,0.034448
209.5,gNB_5G,43,15,10,256,3,2,-48.5,64,70,33,0.454656,2.325,ON,223.777,0.00406347
209.5,gNB_4G_1,43,15,0,256,3,22,-43.5455,35,50,18,0.424122,58.175,ON,223.777,0.0416963
209.5,gNB_4G_2,43,15,0,256,3,16,-49.0625,101,80,27,0.489472,49.4833,ON,223.777,0.0349971
210.5,gNB_5G,43,15,10,256,3,1,-46,64,71,33,0.172032,1.2,ON,223.777,0.000768764
210.5,gNB_4G_1,43,15,0,256,3,21,-44,36,52,19,0.45095,39.7833,ON,223.777,0.0423186
210.5,gNB_4G_2,43,15,0,256,3,19,-49.7222,104,81,28,0.473411,46.875,ON,223.777,0.0401954
211.5,gNB_5G,43,15,10,256,3,2,-50,64,71,33,0.28672,0.891667,ON,223.777,0.00256255
211.5,gNB_4G_1,43,15,0,256,3,22,-44.8182,36,52,19,0.444975,33.3,ON,223.777,0.0437463
211.5,gNB_4G_2,43,15,0,256,3,18,-48.6667,104,81,28,0.496071,45.35,ON,223.777,0.0399025
212.5,gNB_5G,43,15,10,256,3,3,-55.6667,65,71,33,0.447829,2.10833,ON,223.777,0.00600368
212.5,gNB_4G_1,43,15,0,256,3,22,-43.5909,36,53,19,0.4379,37.325,ON,223.777,0.0430508
212.5,gNB_4G_2,43,15,0,256,3,19,-48.3333,104,81,28,0.472118,37.25,ON,223.777,0.0400856
213.5,gNB_5G,43,15,10,256,3,5,-55.4,65,71,33,0.375194,4.56667,ON,223.777,0.00838319
213.5,gNB_4G_1,43,15,0,256,3,22,-44.1364,36,53,19,0.446836,32.7917,ON,223.777,0.0439294
213.5,gNB_4G_2,43,15,0,256,3,18,-48.3333,104,81,28,0.493796,37.6,ON,223.777,0.0397195
214.5,gNB_5G,43,15,10,256,3,5,-54.2,65,71,33,0.445645,4.53333,ON,223.777,0.00995733
214.5,gNB_4G_1,43,15,0,256,3,23,-43.3043,36,53,19,0.432395,34.8167,ON,223.777,0.0444419
214.5,gNB_4G_2,43,15,0,256,3,18,-48.5,104,81,28,0.495616,38.275,ON,223.777,0.0398659
215.5,gNB_5G,43,15,10,256,3,5,-54.6,65,71,33,0.445645,4.53333,ON,223.777,0.00995733
215.5,gNB_4G_1,43,15,0,256,3,23,-43.3913,36,53,19,0.442724,34.6083,ON,223.777,0.0455035
215.5,gNB_4G_2,43,15,0,256,3,18,-48.2222,104,81,28,0.495161,37.775,ON,223.777,0.0398293
216.5,gNB_5G,43,15,10,256,3,5,-55.2,65,71,33,0.444006,4.51667,ON,223.777,0.00992072
216.5,gNB_4G_1,43,15,0,256,3,23,-43.6957,36,53,19,0.440231,33.3833,ON,223.777,0.0452473
216.5,gNB_4G_2,43,15,0,256,3,18,-49.1667,104,81,28,0.488789,40.0667,ON,223.777,0.0393168
217.5,gNB_5G,43,15,10,256,3,5,-55.4,65,71,33,0.442368,4.5,ON,223.777,0.00988411
217.5,gNB_4G_1,43,15,0,256,3,24,-44.7083,37,53,19,0.459435,35.9333,ON,223.777,0.0492741
217.5,gNB_4G_2,43,15,0,256,3,17,-48.4118,104,82,28,0.475136,38.4167,ON,223.777,0.0360953
218.5,gNB_5G,43,15,10,256,3,4,-52.5,65,71,33,0.352256,3.7,ON,223.777,0.00629654
218.5,gNB_4G_1,43,15,0,256,3,24,-44.7083,37,53,19,0.457045,37.6667,ON,223.777,0.0490179
218.5,gNB_4G_2,43,15,0,256,3,17,-49.1176,104,82,28,0.477064,35.9333,ON,223.777,0.0362417
219.5,gNB_5G,43,15,10,256,3,4,-53.25,65,71,33,0.352256,2.86667,ON,223.777,0.00629654
219.5,gNB_4G_1,43,15,0,256,3,24,-43.75,37,53,19,0.457045,37.8667,ON,223.777,0.0490179
219.5,gNB_4G_2,43,15,0,256,3,17,-49.4118,104,82,28,0.474172,34.8833,ON,223.777,0.0360221
220.5,gNB_5G,43,15,10,256,3,4,-55,65,71,33,0.352256,2.86667,ON,223.777,0.00629654
220.5,gNB_4G_1,43,15,0,256,3,24,-43.9583,37,53,19,0.457387,35.7667,ON,223.777,0.0490545
220.5,gNB_4G_2,43,15,0,256,3,17,-48.7647,104,82,28,0.475136,32.6083,ON,223.777,0.0360953
221.5,gNB_5G,43,15,10,256,3,3,-56.6667,65,72,33,0.412331,2.78333,ON,223.777,0.00552778
221.5,gNB_4G_1,43,15,0,256,3,24,-44.75,37,53,19,0.457387,36.4083,ON,223.777,0.0490545
221.5,gNB_4G_2,43,15,0,256,3,18,-50.6111,105,82,28,0.459662,32.9417,ON,223.777,0.0369739
