name,txp_5g,txp_4g1,txp_4g2,ret_5g,ret_4g1,ret_4g2,cio_5g,cio_4g1,cio_4g2,ttt_ms,hys_db
gnn_0000,30,43,43,9,5,7,5,-1,1,256,4.5
gnn_0001,33,33,30,9,3,12,8,-2,-1,128,5.0
gnn_0002,33,30,40,9,9,9,5,0,1,720,3.5
gnn_0003,37,37,40,3,5,3,6,2,0,128,2.5
gnn_0004,40,33,30,3,7,7,9,-1,-2,128,2.5
gnn_0005,37,40,37,9,5,12,6,2,2,720,4.0
gnn_0006,37,33,40,5,7,12,8,0,0,340,2.5
gnn_0007,30,43,40,7,9,7,6,-2,-1,128,4.0
gnn_0008,37,40,37,7,7,7,8,-2,-2,512,5.0
gnn_0009,37,37,33,3,5,5,7,1,0,720,2.5
gnn_0010,43,33,33,7,12,7,8,-2,-2,512,4.5
gnn_0011,37,33,40,9,7,5,5,-2,2,340,5.0
gnn_0012,40,43,40,5,9,9,8,-1,-1,340,3.5
gnn_0013,37,43,33,7,12,12,9,2,1,256,1.0
gnn_0014,43,30,40,3,3,5,9,-1,-2,512,0.5
gnn_0015,37,43,43,5,3,12,8,2,0,340,3.5
gnn_0016,37,37,37,12,5,12,5,-2,-1,720,1.5
gnn_0017,33,37,33,3,9,3,7,1,2,720,1.5
gnn_0018,33,37,33,12,7,3,8,1,-2,340,1.0
gnn_0019,33,40,43,5,9,7,9,-1,1,720,2.0
gnn_0020,43,33,33,5,7,9,9,-2,0,256,2.0
gnn_0021,43,37,43,12,7,7,6,2,0,720,3.5
gnn_0022,30,30,33,5,9,5,9,-1,-2,128,2.5
gnn_0023,33,40,30,5,7,5,7,-2,2,720,3.5
gnn_0024,37,33,37,12,3,5,7,1,1,512,5.0
gnn_0025,30,30,40,9,9,9,8,0,0,128,1.0
gnn_0026,43,40,40,12,5,5,5,-2,1,256,3.5
gnn_0027,43,33,40,3,12,5,6,-2,0,256,1.5
gnn_0028,33,33,43,3,5,9,6,0,-2,128,3.5
gnn_0029,33,30,37,5,7,3,6,0,1,256,2.0
gnn_0030,43,43,37,12,7,3,7,-2,1,340,2.0
gnn_0031,40,43,40,7,7,9,9,-2,2,340,0.5
gnn_0032,30,30,40,3,5,12,9,-1,0,512,1.0
gnn_0033,33,40,30,3,12,9,6,2,1,340,4.0
gnn_0034,33,43,40,9,7,5,7,-2,2,340,0.5
gnn_0035,37,33,37,7,9,3,7,0,2,340,1.0
gnn_0036,30,40,30,5,12,9,8,1,-2,256,4.5
gnn_0037,33,37,33,9,9,7,5,0,-1,720,4.5
gnn_0038,40,30,40,5,5,7,6,-1,1,340,3.5
gnn_0039,43,43,40,5,5,5,9,0,0,512,1.0
gnn_0040,43,37,33,7,3,9,9,0,2,340,2.5
gnn_0041,40,37,37,3,12,3,7,-1,2,512,0.5
gnn_0042,43,40,30,12,7,7,8,0,0,256,2.5
gnn_0043,40,33,33,9,5,5,7,1,1,128,5.0
gnn_0044,30,30,40,7,7,3,6,-2,-2,340,2.0
gnn_0045,43,30,43,5,5,7,9,-2,-2,256,1.0
gnn_0046,43,30,40,9,12,9,5,-1,-2,720,2.5
gnn_0047,30,37,37,3,12,12,7,-1,0,340,4.0
gnn_0048,40,33,30,5,9,7,6,-2,2,720,0.5
gnn_0049,37,43,43,3,12,7,9,1,1,128,2.5
gnn_0050,37,37,43,3,9,3,9,-1,2,340,2.5
gnn_0051,33,30,43,7,3,9,8,-2,2,720,4.5
gnn_0052,30,33,40,12,5,7,8,1,-1,340,2.5
gnn_0053,40,40,30,5,7,3,8,2,0,128,1.0
gnn_0054,40,43,40,7,7,9,9,1,0,256,4.5
gnn_0055,43,33,37,7,3,5,6,-2,0,340,2.0
gnn_0056,30,37,43,3,5,3,9,2,2,340,2.5
gnn_0057,30,33,30,3,3,3,6,1,0,340,0.5
gnn_0058,43,43,40,12,9,12,6,-1,2,512,3.5
gnn_0059,37,43,33,5,5,9,7,-2,2,256,4.5
gnn_0060,37,40,30,12,5,5,7,1,0,512,4.5
gnn_0061,37,30,30,12,7,12,9,2,2,256,5.0
gnn_0062,37,30,30,3,3,9,6,1,1,340,4.0
gnn_0063,37,37,40,7,3,9,8,1,-2,512,4.0
gnn_0064,43,43,33,7,7,3,6,1,1,256,2.0
gnn_0065,37,40,40,5,7,7,8,-1,-2,256,4.0
gnn_0066,30,33,40,12,7,5,7,2,0,128,2.0
gnn_0067,30,37,40,12,5,5,5,2,2,256,2.5
gnn_0068,40,30,30,3,5,12,6,-1,2,256,4.5
gnn_0069,33,43,43,3,7,12,7,-2,-2,128,2.5
gnn_0070,37,40,33,5,5,12,7,0,0,128,3.0
gnn_0071,33,43,40,5,7,12,6,-2,1,256,3.5
gnn_0072,43,40,40,12,7,9,8,1,2,256,3.5
gnn_0073,40,37,40,12,3,7,5,-1,1,256,2.0
gnn_0074,33,33,33,3,5,9,9,-1,-1,720,1.0
gnn_0075,30,40,33,7,5,5,5,2,1,720,3.0
gnn_0076,30,43,40,7,7,3,5,0,2,512,1.5
gnn_0077,30,30,40,12,5,7,6,1,-2,128,5.0
gnn_0078,43,30,33,9,9,3,5,-2,-2,720,2.5
gnn_0079,43,40,43,12,9,3,6,1,0,256,2.5
gnn_0080,37,33,37,7,9,12,5,0,1,256,4.5
gnn_0081,43,43,33,9,5,12,8,-2,1,256,5.0
gnn_0082,40,43,30,5,5,9,6,-1,0,128,3.0
gnn_0083,30,30,33,7,5,12,5,1,2,340,3.0
gnn_0084,30,30,43,7,7,5,9,-2,-1,340,1.5
gnn_0085,33,33,43,3,5,12,7,0,1,512,1.0
gnn_0086,33,30,30,5,9,12,5,2,2,720,4.5
gnn_0087,40,37,30,3,5,5,6,-2,-2,720,2.5
gnn_0088,30,43,43,12,12,3,6,0,1,720,0.5
gnn_0089,43,43,37,7,7,5,8,2,1,720,4.5
gnn_0090,43,33,33,7,5,5,6,-2,-1,128,2.5
gnn_0091,30,33,40,7,12,12,6,-1,-2,512,1.5
gnn_0092,40,40,43,3,7,7,6,1,-1,340,2.0
gnn_0093,37,43,30,5,5,9,7,1,2,512,2.5
gnn_0094,40,37,30,7,7,3,7,1,2,720,3.5
gnn_0095,30,43,37,5,5,12,8,0,2,256,5.0
gnn_0096,40,40,33,12,3,9,7,2,1,128,3.5
gnn_0097,30,43,33,3,3,5,7,1,-2,128,4.0
gnn_0098,40,37,37,7,5,12,5,1,0,128,5.0
gnn_0099,33,43,37,3,3,5,6,2,0,340,4.5
gnn_0100,43,30,43,3,3,7,9,2,-2,512,5.0
gnn_0101,30,40,37,5,5,12,7,0,0,256,4.5
gnn_0102,37,40,37,5,7,9,9,0,1,340,0.5
gnn_0103,30,30,33,3,9,5,9,-2,1,256,5.0
gnn_0104,33,33,37,7,9,5,7,-1,-1,340,3.5
gnn_0105,43,30,43,7,9,5,8,0,-2,720,1.0
gnn_0106,43,33,43,7,3,7,9,-2,0,720,1.5
gnn_0107,40,37,40,3,7,12,7,-1,2,128,1.5
gnn_0108,30,43,30,3,5,9,8,-1,-1,720,2.5
gnn_0109,43,33,37,3,9,7,7,2,0,128,4.5
gnn_0110,40,37,37,12,3,5,6,0,-1,512,1.0
gnn_0111,30,30,43,9,12,5,8,2,2,340,3.5
gnn_0112,43,37,33,9,5,5,8,-2,-1,512,3.5
gnn_0113,30,33,30,5,7,9,8,-1,1,128,1.5
gnn_0114,33,33,43,12,9,5,8,-1,-2,340,4.5
gnn_0115,30,43,33,3,12,7,9,0,1,128,4.0
gnn_0116,37,43,37,5,3,12,8,0,-1,256,4.0
gnn_0117,43,37,40,3,7,5,9,1,-1,720,4.0
gnn_0118,37,43,43,12,7,12,7,0,2,340,3.0
gnn_0119,30,40,40,12,12,12,9,-2,2,128,4.5
gnn_0120,33,37,37,9,9,7,5,-1,-2,720,4.5
gnn_0121,43,33,40,7,12,7,9,-1,-1,720,5.0
gnn_0122,33,30,37,9,3,7,8,-1,-1,128,2.5
gnn_0123,40,33,40,9,3,12,5,-1,-1,512,2.5
gnn_0124,33,33,33,7,7,7,8,1,0,720,0.5
gnn_0125,37,33,33,7,12,3,5,0,1,340,4.0
gnn_0126,33,37,40,9,7,12,6,1,1,340,5.0
gnn_0127,33,30,33,5,5,12,5,2,2,720,2.5
gnn_0128,33,40,43,5,12,5,8,0,2,340,2.5
gnn_0129,40,33,43,12,12,3,5,2,2,340,0.5
gnn_0130,43,37,30,9,3,9,9,1,0,128,4.0
gnn_0131,30,37,33,3,12,5,9,-2,1,512,4.5
gnn_0132,40,30,37,9,3,9,6,0,1,340,0.5
gnn_0133,33,40,33,9,3,5,5,1,0,128,1.5
gnn_0134,30,33,40,12,9,5,5,2,-1,256,1.5
gnn_0135,33,43,43,7,9,9,7,-1,2,720,1.0
gnn_0136,40,37,37,12,12,9,6,-2,1,720,5.0
gnn_0137,40,33,43,12,3,9,8,0,2,128,4.5
gnn_0138,40,33,43,12,3,12,6,0,1,512,3.0
gnn_0139,30,33,37,3,5,7,9,0,-2,256,3.0
gnn_0140,43,30,40,9,9,9,7,0,-2,256,2.5
gnn_0141,37,30,33,12,7,7,8,0,2,340,3.5
gnn_0142,30,33,40,12,12,7,9,-1,0,512,1.0
gnn_0143,30,30,30,3,3,5,7,0,-2,512,2.5
gnn_0144,40,37,37,5,9,12,6,1,-2,256,3.0
gnn_0145,33,40,40,12,5,5,8,-2,1,340,4.0
gnn_0146,30,40,40,3,9,7,9,1,2,720,5.0
gnn_0147,30,30,30,5,5,7,9,-2,2,256,1.5
gnn_0148,40,43,40,3,12,9,8,2,-2,256,4.5
gnn_0149,30,40,40,3,9,9,5,1,1,256,0.5
gnn_0150,40,37,37,5,7,9,9,2,1,256,2.0
gnn_0151,30,40,37,12,5,9,6,-1,-2,720,0.5
gnn_0152,30,30,43,3,12,9,7,1,1,340,4.0
gnn_0153,37,43,43,9,3,3,8,-2,2,256,2.5
gnn_0154,37,40,33,12,5,3,8,0,0,720,2.0
gnn_0155,37,30,40,12,5,9,7,1,2,128,4.0
gnn_0156,37,40,33,5,3,9,9,1,-1,128,1.5
gnn_0157,37,40,33,5,3,9,8,2,-2,720,0.5
gnn_0158,30,37,43,9,12,9,7,1,1,128,0.5
gnn_0159,37,30,37,3,3,9,8,0,-1,256,2.5
gnn_0160,43,37,43,9,9,12,6,1,2,256,4.5
gnn_0161,40,40,37,12,5,12,8,0,0,340,2.5
gnn_0162,40,33,43,5,7,12,9,1,-2,512,4.0
gnn_0163,30,33,33,5,9,7,8,-2,1,340,5.0
gnn_0164,30,37,37,5,3,3,5,2,0,128,1.5
gnn_0165,30,33,40,5,12,7,5,1,-1,512,4.0
gnn_0166,37,40,33,7,9,5,8,-2,-1,720,3.0
gnn_0167,37,33,33,3,5,9,7,0,2,720,5.0
gnn_0168,43,37,43,9,5,3,8,-1,2,340,1.0
gnn_0169,37,30,40,9,9,5,6,1,2,340,1.5
gnn_0170,37,33,37,7,3,9,7,0,1,256,1.0
gnn_0171,33,40,30,5,9,3,5,2,-2,128,1.5
gnn_0172,43,40,33,3,12,12,6,-1,-2,340,3.0
gnn_0173,43,30,40,9,7,9,7,2,-2,512,4.0
gnn_0174,33,30,30,5,5,5,5,1,2,340,5.0
gnn_0175,43,33,43,9,12,5,8,1,0,340,1.0
gnn_0176,33,30,40,5,3,5,8,1,2,720,3.0
gnn_0177,43,43,37,9,5,7,9,1,-1,720,2.0
gnn_0178,43,33,33,12,3,9,9,0,2,128,0.5
gnn_0179,40,30,33,9,3,12,9,-1,2,256,3.5
gnn_0180,37,40,40,12,12,9,6,1,2,128,4.0
gnn_0181,33,37,30,9,5,9,6,-1,0,340,4.5
gnn_0182,40,43,33,9,3,7,7,1,-2,128,1.0
gnn_0183,30,33,43,3,12,7,5,1,1,340,2.0
gnn_0184,43,40,33,12,5,5,7,0,-1,512,3.5
gnn_0185,43,43,33,12,12,7,7,-2,2,128,1.5
gnn_0186,37,37,37,5,5,5,6,1,-1,128,3.5
gnn_0187,30,33,33,5,5,9,8,1,-2,256,3.5
gnn_0188,30,30,33,12,12,3,8,-2,0,512,2.0
gnn_0189,40,40,30,3,7,3,7,1,1,128,4.5
gnn_0190,40,37,30,7,12,3,9,2,-2,720,3.0
gnn_0191,43,33,40,5,12,5,7,-1,-1,340,2.0
gnn_0192,37,33,37,9,12,3,5,0,1,720,2.5
gnn_0193,30,43,33,9,12,3,8,0,2,720,2.0
gnn_0194,37,43,43,3,9,7,9,-2,2,720,1.0
gnn_0195,43,30,30,12,5,12,5,2,-1,128,0.5
gnn_0196,33,40,43,3,7,12,7,0,0,340,1.0
gnn_0197,43,43,43,9,9,9,6,0,-1,512,1.0
gnn_0198,43,33,40,12,5,5,8,-1,-1,256,4.0
gnn_0199,43,37,40,5,12,9,5,1,2,512,0.5
gnn_0200,37,37,43,9,3,5,6,2,2,512,2.0
gnn_0201,33,33,40,5,3,7,7,1,-1,512,4.5
gnn_0202,33,30,33,7,12,9,7,1,2,256,0.5
gnn_0203,43,33,37,3,7,12,8,2,1,128,0.5
gnn_0204,33,30,37,5,12,5,8,-2,0,340,3.0
gnn_0205,30,33,33,12,7,9,9,-2,2,720,3.0
gnn_0206,33,33,33,12,9,3,6,0,1,512,4.0
gnn_0207,37,43,40,7,5,7,9,-1,2,720,1.0
gnn_0208,30,33,40,9,3,7,6,-1,2,256,3.0
gnn_0209,33,33,37,9,9,3,8,-1,2,720,3.5
gnn_0210,33,43,30,5,9,7,9,-2,1,340,3.0
gnn_0211,40,33,43,3,3,3,5,-1,-2,512,5.0
gnn_0212,30,40,30,12,7,3,5,1,1,340,3.0
gnn_0213,33,40,30,9,5,9,8,-1,-1,256,4.0
gnn_0214,43,37,30,3,7,5,9,-2,0,512,1.0
gnn_0215,37,43,37,3,9,5,6,1,2,340,4.0
gnn_0216,40,33,40,3,12,5,6,-1,2,512,1.0
gnn_0217,43,33,43,3,9,9,6,1,-1,340,1.0
gnn_0218,30,43,30,7,5,7,8,2,2,512,5.0
gnn_0219,40,43,33,12,3,12,8,1,-1,720,3.5
gnn_0220,30,30,37,12,5,7,9,-2,-1,128,4.0
gnn_0221,40,43,43,9,5,12,9,-1,-1,720,2.0
gnn_0222,37,30,30,9,9,5,6,0,2,340,2.0
gnn_0223,33,43,43,5,9,12,5,-2,0,512,5.0
gnn_0224,37,43,40,9,9,5,7,-1,0,340,1.0
gnn_0225,43,30,37,3,7,7,8,-2,2,720,4.5
gnn_0226,43,37,40,12,12,12,9,0,-2,128,1.5
gnn_0227,40,37,33,5,7,7,5,-1,2,340,3.5
gnn_0228,40,43,40,12,12,7,8,-1,2,340,3.5
gnn_0229,37,37,30,7,9,7,6,-2,0,340,1.0
gnn_0230,30,40,30,12,3,7,5,2,-1,256,4.0
gnn_0231,33,43,43,3,3,7,7,-1,2,340,4.0
gnn_0232,43,40,40,5,9,3,5,1,-2,720,0.5
gnn_0233,33,40,33,12,5,9,8,0,0,256,4.0
gnn_0234,30,40,40,9,5,5,5,-1,0,256,4.0
gnn_0235,37,40,40,7,9,7,8,-1,-1,720,4.0
gnn_0236,30,33,30,12,5,12,7,2,2,720,5.0
gnn_0237,30,33,30,12,12,7,6,-2,-2,512,5.0
gnn_0238,33,40,43,12,3,12,5,1,2,256,0.5
gnn_0239,33,30,30,7,3,3,9,0,1,720,5.0
gnn_0240,40,40,33,12,12,3,9,1,2,720,0.5
gnn_0241,37,43,43,5,12,9,7,-2,-1,128,5.0
gnn_0242,37,30,43,12,7,9,8,-1,0,340,4.0
gnn_0243,37,37,37,5,3,12,6,-1,-1,512,0.5
gnn_0244,37,40,33,7,5,9,8,0,1,340,3.0
gnn_0245,43,37,40,12,5,3,5,-2,-1,256,2.5
gnn_0246,43,40,30,5,12,9,5,-1,-2,256,2.5
gnn_0247,33,40,33,7,9,5,7,-2,-2,512,4.5
gnn_0248,43,33,43,12,3,3,9,-2,-2,720,0.5
gnn_0249,40,30,30,3,9,12,6,0,1,256,2.0
gnn_0250,40,30,43,9,7,9,8,-1,0,128,2.5
gnn_0251,37,30,33,5,12,7,6,1,0,720,4.5
gnn_0252,43,40,37,9,9,12,5,1,2,128,3.5
gnn_0253,33,43,43,3,5,9,9,1,1,256,1.5
gnn_0254,37,33,30,7,12,12,9,1,-1,720,3.5
gnn_0255,33,40,43,12,7,7,5,2,-1,128,1.5
gnn_0256,43,37,33,5,3,5,5,2,0,128,2.5
gnn_0257,37,33,33,9,3,3,7,-1,-1,720,4.5
gnn_0258,33,43,40,3,5,7,6,1,-2,720,1.0
gnn_0259,37,37,30,3,9,12,9,1,2,128,4.5
gnn_0260,40,43,43,12,5,9,7,-2,2,128,0.5
gnn_0261,43,37,37,9,3,12,7,2,-2,256,0.5
gnn_0262,37,43,37,3,7,12,5,1,0,512,1.0
gnn_0263,30,33,37,3,12,5,8,-2,0,128,3.5
gnn_0264,30,37,30,3,3,3,5,2,0,256,1.5
gnn_0265,30,37,37,5,3,7,7,2,-2,720,4.0
gnn_0266,33,40,37,9,5,3,6,-2,-2,128,4.0
gnn_0267,30,40,40,9,7,5,6,2,-1,340,1.0
gnn_0268,33,37,40,7,3,12,9,2,-1,720,1.5
gnn_0269,43,43,37,7,3,12,9,0,-1,512,2.5
gnn_0270,33,40,40,3,9,12,9,0,-2,340,2.5
gnn_0271,33,40,37,7,12,12,9,-1,-2,512,2.5
gnn_0272,30,43,33,5,7,5,5,1,-2,256,4.0
gnn_0273,37,37,37,5,12,7,9,0,-2,340,4.0
gnn_0274,33,43,33,9,3,3,8,-2,2,720,1.5
gnn_0275,30,40,37,3,5,9,6,-1,-1,256,2.0
gnn_0276,37,43,30,5,7,3,7,-2,-1,720,1.0
gnn_0277,33,33,33,3,9,12,6,2,1,720,4.5
gnn_0278,40,30,37,7,3,12,5,1,2,256,0.5
gnn_0279,37,30,40,9,5,5,7,0,1,128,0.5
gnn_0280,40,40,33,5,9,5,5,1,0,256,3.5
gnn_0281,37,37,30,12,12,5,5,0,-1,340,1.5
gnn_0282,30,40,37,5,5,9,6,0,2,128,1.0
gnn_0283,40,43,40,3,9,9,5,1,-2,128,3.5
gnn_0284,30,43,43,9,12,3,8,1,-2,256,0.5
gnn_0285,43,40,33,7,3,12,8,-2,2,720,1.5
gnn_0286,37,37,33,9,9,5,6,0,-1,128,2.5
gnn_0287,40,33,40,12,9,9,8,2,1,720,4.5
gnn_0288,33,30,43,3,9,9,5,-1,1,256,4.5
gnn_0289,30,40,37,7,7,9,5,0,1,256,4.5
gnn_0290,43,33,33,9,9,3,6,-1,-1,340,2.0
gnn_0291,33,43,43,7,5,12,9,0,-2,720,4.0
gnn_0292,33,37,33,12,3,3,6,1,0,720,2.5
gnn_0293,33,33,40,9,12,12,9,0,1,512,1.5
gnn_0294,30,33,37,12,7,9,6,-1,2,720,2.5
gnn_0295,43,40,40,9,12,3,8,0,-2,720,3.0
gnn_0296,40,30,43,12,3,5,7,-1,-1,256,1.0
gnn_0297,40,43,43,5,5,12,8,1,0,512,1.5
gnn_0298,33,30,37,7,12,3,8,1,0,128,1.0
gnn_0299,43,37,33,7,5,9,8,0,0,512,5.0
gnn_0300,40,43,30,12,12,9,7,2,0,128,2.5
gnn_0301,40,43,43,3,12,12,6,-1,-1,256,3.0
gnn_0302,33,30,30,7,5,3,6,-1,-1,512,3.5
gnn_0303,37,37,40,5,5,7,7,2,-2,340,3.5
gnn_0304,43,30,37,3,12,9,6,-1,-2,256,0.5
gnn_0305,37,40,43,5,5,12,9,1,0,512,5.0
gnn_0306,40,40,40,5,3,7,6,2,1,512,2.0
gnn_0307,40,33,43,3,5,7,7,2,-2,720,1.0
gnn_0308,30,33,30,5,9,12,6,0,2,128,3.5
gnn_0309,33,43,43,12,7,7,7,-1,-2,256,5.0
gnn_0310,33,40,43,9,9,5,7,0,-1,720,4.5
gnn_0311,43,43,37,7,7,7,5,0,0,720,5.0
gnn_0312,40,30,43,7,5,5,6,-2,0,720,0.5
gnn_0313,33,37,33,7,7,5,5,1,0,340,3.0
gnn_0314,43,43,30,5,5,9,8,-2,0,256,2.5
gnn_0315,40,33,33,5,5,7,8,-1,-1,512,2.5
gnn_0316,37,43,33,7,3,12,6,1,0,512,2.0
gnn_0317,30,30,43,12,9,3,8,-2,1,256,5.0
gnn_0318,40,43,30,3,12,12,5,0,-2,720,1.5
gnn_0319,37,30,37,12,12,7,7,-1,-2,512,2.5
gnn_0320,33,40,37,12,12,12,8,-2,0,256,1.5
gnn_0321,30,37,43,3,3,7,5,-1,2,256,2.5
gnn_0322,40,43,33,5,9,3,8,0,1,256,3.5
gnn_0323,33,33,30,12,9,9,6,-2,-2,720,1.5
gnn_0324,43,37,43,5,5,3,5,1,1,340,3.5
gnn_0325,33,30,40,12,5,7,8,1,0,340,1.5
gnn_0326,33,30,37,12,5,9,7,2,2,340,4.5
gnn_0327,40,40,30,9,9,9,5,-1,2,340,5.0
gnn_0328,43,40,33,7,12,7,8,0,2,256,4.0
gnn_0329,43,40,30,3,9,5,9,0,1,720,2.0
gnn_0330,33,30,33,5,7,12,5,-1,-1,340,1.0
gnn_0331,33,43,40,7,7,3,6,1,-2,720,3.0
gnn_0332,33,37,30,5,3,5,8,-2,0,256,4.0
gnn_0333,33,43,37,7,3,3,5,-1,0,340,2.5
gnn_0334,30,37,43,7,12,5,5,-1,1,256,3.0
gnn_0335,33,43,43,9,9,5,9,1,-1,128,0.5
gnn_0336,40,33,33,9,5,9,5,-2,0,340,3.5
gnn_0337,40,43,43,12,9,5,7,2,2,512,2.0
gnn_0338,43,37,40,5,9,7,7,0,-2,128,2.0
gnn_0339,30,30,30,12,12,12,7,-2,-1,256,4.0
gnn_0340,37,30,40,9,3,3,8,2,2,340,2.5
gnn_0341,43,43,40,12,12,12,7,0,1,512,2.5
gnn_0342,40,43,40,9,3,5,8,-2,1,512,3.5
gnn_0343,33,30,40,7,3,5,9,2,1,720,1.0
gnn_0344,43,33,33,5,7,9,8,2,-2,128,2.0
gnn_0345,37,43,33,7,12,12,8,2,1,128,5.0
gnn_0346,33,43,37,9,5,9,9,-1,0,340,3.5
gnn_0347,37,37,43,7,5,5,5,1,1,512,4.5
gnn_0348,30,43,33,12,7,5,6,-2,2,256,0.5
gnn_0349,37,33,30,3,7,7,5,1,-1,256,4.0
gnn_0350,33,37,33,9,12,3,5,0,-1,256,3.5
gnn_0351,43,37,40,12,7,12,7,-2,-1,340,2.5
gnn_0352,43,40,40,7,5,9,8,1,1,340,2.0
gnn_0353,43,40,40,7,9,12,6,-1,1,720,1.0
gnn_0354,37,43,40,12,7,9,7,-2,0,720,4.5
gnn_0355,30,43,37,3,5,7,6,2,-1,512,3.5
gnn_0356,40,40,43,9,5,12,7,1,-2,128,5.0
gnn_0357,40,43,43,12,7,9,6,2,-1,128,0.5
gnn_0358,33,33,43,9,9,7,8,-2,2,512,1.0
gnn_0359,30,30,30,5,12,7,9,2,1,128,1.0
gnn_0360,33,30,43,5,3,5,8,2,-1,720,2.5
gnn_0361,40,33,30,5,3,5,6,-1,-2,256,3.5
gnn_0362,30,43,43,7,9,7,8,-1,-2,512,4.5
gnn_0363,33,30,40,9,5,7,9,0,1,720,5.0
gnn_0364,37,43,40,12,12,12,5,2,0,340,3.0
gnn_0365,33,33,37,3,12,5,6,-2,1,512,1.0
gnn_0366,33,40,33,7,7,3,6,-1,0,512,2.5
gnn_0367,33,37,30,3,12,3,6,1,1,512,1.0
gnn_0368,43,33,33,3,5,3,9,2,-2,512,0.5
gnn_0369,40,33,33,12,5,7,7,-1,1,340,1.0
gnn_0370,37,40,30,5,12,9,7,-1,2,512,4.5
gnn_0371,33,37,40,7,5,5,5,0,0,128,3.0
gnn_0372,37,33,30,7,12,12,5,2,-2,128,1.0
gnn_0373,37,43,33,9,7,3,6,0,-2,512,4.0
gnn_0374,33,43,37,7,5,12,6,1,1,128,0.5
gnn_0375,30,40,33,7,9,7,6,-2,2,512,3.5
gnn_0376,37,40,40,5,12,3,7,-2,-2,128,4.0
gnn_0377,43,43,30,9,9,12,7,0,0,720,5.0
gnn_0378,40,40,33,7,3,3,5,-2,1,128,4.0
gnn_0379,37,30,37,12,7,12,8,1,-2,340,3.0
gnn_0380,40,30,43,9,7,9,8,0,0,128,5.0
gnn_0381,30,30,40,9,3,7,7,-2,-2,720,2.0
gnn_0382,33,37,40,3,3,12,8,-1,0,340,3.5
gnn_0383,33,33,37,9,12,3,8,0,1,340,3.0
gnn_0384,33,33,37,3,3,12,9,-1,2,128,4.5
gnn_0385,40,40,40,9,12,3,6,-1,-1,256,4.5
gnn_0386,30,30,30,7,9,12,7,-2,2,512,4.5
gnn_0387,43,30,43,9,12,12,9,2,1,512,2.5
gnn_0388,37,30,37,7,5,7,9,-2,1,340,4.0
gnn_0389,43,43,40,7,5,7,8,-2,1,256,4.5
gnn_0390,30,30,43,3,12,12,6,2,0,256,0.5
gnn_0391,37,33,43,5,5,3,6,-2,0,720,0.5
gnn_0392,33,30,43,12,12,5,5,2,-2,340,2.0
gnn_0393,40,37,37,3,3,12,8,1,2,128,0.5
gnn_0394,37,43,40,5,3,3,9,-2,-1,512,1.5
gnn_0395,40,40,33,12,5,12,7,1,1,340,5.0
gnn_0396,43,37,40,5,5,9,8,-1,-1,256,4.5
gnn_0397,43,30,40,9,7,3,8,0,2,256,1.5
gnn_0398,40,33,43,9,5,12,7,2,2,340,1.5
gnn_0399,37,40,30,12,3,5,8,2,2,340,4.5
gnn_0400,33,43,30,9,12,7,6,-2,-2,512,3.5
gnn_0401,37,33,37,5,5,3,6,2,2,340,4.5
gnn_0402,40,43,43,7,9,3,9,-2,-2,128,3.5
gnn_0403,33,40,33,3,7,5,5,1,-2,128,0.5
gnn_0404,43,30,40,5,9,3,6,2,2,720,1.5
gnn_0405,37,37,40,3,5,3,7,2,-1,128,1.5
gnn_0406,33,30,30,3,3,3,6,-2,0,128,5.0
gnn_0407,43,37,30,7,12,5,9,-2,-1,512,5.0
gnn_0408,30,30,37,5,12,7,5,1,1,128,3.0
gnn_0409,33,33,33,3,5,9,8,1,0,720,1.0
gnn_0410,40,37,30,3,7,7,6,-1,0,128,3.0
gnn_0411,43,33,43,3,9,9,9,-1,-1,256,2.5
gnn_0412,30,30,30,5,12,9,9,1,1,340,5.0
gnn_0413,30,33,43,5,3,12,9,-2,0,340,2.0
gnn_0414,37,30,43,12,7,12,9,-2,-1,340,1.5
gnn_0415,30,40,37,9,9,3,9,2,1,340,1.5
gnn_0416,43,33,40,12,7,7,6,-1,2,512,3.0
gnn_0417,40,40,40,9,5,7,9,-1,1,256,4.5
gnn_0418,40,43,37,3,7,12,6,0,-1,720,2.5
gnn_0419,40,40,40,7,9,12,6,-1,-1,340,2.5
gnn_0420,43,33,37,7,3,7,7,0,-1,720,3.5
gnn_0421,30,33,37,5,7,7,5,0,1,128,4.0
gnn_0422,30,43,30,3,5,3,9,0,0,340,3.0
gnn_0423,43,43,30,7,3,3,5,-1,1,128,3.5
gnn_0424,33,30,33,12,3,12,7,1,-1,340,3.0
gnn_0425,43,43,37,12,5,3,5,2,1,512,0.5
gnn_0426,37,33,30,12,12,7,7,1,2,128,2.5
gnn_0427,40,30,43,5,5,3,5,0,0,128,4.0
gnn_0428,40,33,30,12,9,12,7,1,2,512,3.0
gnn_0429,37,33,43,12,9,12,8,1,2,340,1.0
gnn_0430,37,30,40,3,7,3,8,1,-1,256,1.0
gnn_0431,37,43,40,3,3,5,9,0,2,720,1.5
gnn_0432,43,40,33,9,12,7,7,1,1,720,4.0
gnn_0433,30,37,37,5,9,9,5,0,2,512,1.5
gnn_0434,30,37,33,9,3,5,9,2,-2,340,4.0
gnn_0435,30,37,40,12,9,12,5,0,-2,128,3.0
gnn_0436,33,30,37,7,7,7,6,2,2,256,5.0
gnn_0437,30,33,33,9,9,7,6,-2,2,340,5.0
gnn_0438,30,40,30,7,7,9,9,0,2,256,2.0
gnn_0439,30,30,33,5,7,7,7,0,1,128,2.0
gnn_0440,33,33,43,3,7,5,6,2,1,128,0.5
gnn_0441,33,30,33,9,9,7,5,-1,2,340,1.5
gnn_0442,33,43,43,3,12,7,6,1,-2,512,2.5
gnn_0443,30,37,40,9,3,7,6,-1,-2,340,4.0
gnn_0444,43,33,33,7,12,5,5,0,-2,512,1.0
gnn_0445,43,30,37,7,5,7,8,0,0,256,2.5
gnn_0446,43,37,40,5,5,12,9,-2,1,256,1.5
gnn_0447,40,40,43,9,9,12,5,-2,1,340,4.0
gnn_0448,37,40,43,5,3,7,6,-1,2,256,4.5
gnn_0449,33,33,40,12,9,9,6,-2,2,128,5.0
gnn_0450,30,33,37,5,7,9,6,1,1,256,4.5
gnn_0451,37,40,43,7,7,12,7,0,-1,720,1.5
gnn_0452,37,43,33,3,5,3,6,-2,0,720,3.0
gnn_0453,43,40,40,7,12,5,7,1,2,128,1.5
gnn_0454,33,30,40,7,5,9,9,-1,-2,256,2.5
gnn_0455,43,30,40,12,7,9,7,-1,1,512,2.0
gnn_0456,33,43,43,9,3,3,6,2,2,512,5.0
gnn_0457,37,43,43,7,7,7,5,-1,2,256,2.5
gnn_0458,33,33,33,3,5,7,7,-2,-2,340,4.5
gnn_0459,30,43,37,12,9,5,5,-1,-1,720,1.0
gnn_0460,40,43,33,3,3,9,7,0,1,340,4.5
gnn_0461,33,43,40,5,12,7,7,1,2,340,4.0
gnn_0462,43,33,37,7,12,12,5,1,0,512,1.0
gnn_0463,43,40,40,12,9,12,5,-2,0,340,3.0
gnn_0464,37,40,37,5,3,9,7,-2,1,128,2.0
gnn_0465,30,40,33,9,7,7,8,-1,-1,128,3.5
gnn_0466,40,37,30,5,3,5,8,0,-1,128,1.0
gnn_0467,33,37,30,3,12,3,7,2,-1,256,0.5
gnn_0468,37,37,40,5,3,5,5,1,0,128,1.5
gnn_0469,33,30,33,12,3,7,7,-2,1,256,2.5
gnn_0470,43,40,43,3,5,12,5,0,1,128,4.5
gnn_0471,43,40,40,9,12,7,5,-2,1,720,5.0
gnn_0472,30,40,30,7,12,3,6,-1,0,256,3.0
gnn_0473,33,40,37,9,12,9,8,2,0,128,2.5
gnn_0474,30,37,30,7,9,7,5,-1,-1,128,1.0
gnn_0475,30,33,43,3,3,5,5,2,-1,340,3.0
gnn_0476,37,40,37,9,3,5,8,-2,-2,340,1.0
gnn_0477,37,33,37,5,5,12,7,-1,-1,720,1.0
gnn_0478,30,40,37,9,7,12,8,0,-1,340,2.5
gnn_0479,40,40,37,9,12,7,5,-1,0,720,5.0
gnn_0480,37,33,40,9,12,7,5,-2,-2,340,4.0
gnn_0481,40,40,43,5,7,3,7,2,1,256,3.5
gnn_0482,33,40,40,9,5,7,6,0,-1,512,2.5
gnn_0483,37,37,33,5,12,9,7,0,1,128,1.5
gnn_0484,43,40,40,3,5,9,9,-1,-1,256,3.0
gnn_0485,30,37,40,12,5,9,6,0,1,512,3.0
gnn_0486,40,37,40,5,12,12,9,-1,0,128,0.5
gnn_0487,37,30,30,12,3,12,5,1,-2,720,4.5
gnn_0488,40,37,40,9,9,12,9,1,-1,512,4.5
gnn_0489,40,33,43,7,5,9,5,0,2,720,4.0
gnn_0490,30,33,30,7,3,9,6,0,1,128,4.5
gnn_0491,30,30,43,7,3,12,7,2,-2,128,2.0
gnn_0492,40,30,40,7,12,5,8,0,-1,128,3.0
gnn_0493,40,37,30,3,5,7,9,-1,2,128,5.0
gnn_0494,43,43,37,3,7,3,8,0,1,340,3.5
gnn_0495,30,30,43,12,7,5,8,0,1,340,2.0
gnn_0496,40,40,30,7,5,3,9,-2,-1,720,2.0
gnn_0497,43,37,30,9,3,9,5,2,-2,128,2.0
gnn_0498,43,37,43,7,5,12,8,1,2,256,3.0
gnn_0499,37,43,40,9,9,3,7,1,1,256,0.5
gnn_0500,43,30,37,12,3,9,7,-2,0,256,2.5
gnn_0501,40,43,37,12,3,9,6,-1,0,128,4.5
gnn_0502,37,30,40,9,3,3,6,0,0,720,2.0
gnn_0503,40,33,43,12,5,5,7,-1,2,128,5.0
gnn_0504,37,43,40,9,12,5,6,1,-1,720,0.5
gnn_0505,33,37,37,5,3,9,9,0,2,256,3.5
gnn_0506,43,30,33,5,3,5,7,2,1,256,2.0
gnn_0507,37,30,40,9,5,3,7,-2,1,512,4.0
gnn_0508,37,43,30,5,9,12,7,2,-1,256,1.0
gnn_0509,30,40,33,5,5,3,7,0,-2,512,0.5
gnn_0510,37,40,43,7,3,9,6,2,-2,720,4.0
gnn_0511,43,40,30,5,3,9,5,0,-1,256,1.5
gnn_0512,40,30,43,5,3,5,7,0,2,720,3.5
gnn_0513,40,40,30,7,9,12,7,1,1,720,2.5
gnn_0514,37,33,37,5,5,7,7,-1,0,256,4.0
gnn_0515,30,43,37,3,9,3,6,2,1,256,1.5
gnn_0516,37,40,30,12,3,9,9,0,-1,340,0.5
gnn_0517,40,33,33,3,5,3,9,0,2,340,3.5
gnn_0518,40,40,30,7,3,5,5,-1,-1,128,3.0
gnn_0519,33,30,40,3,3,5,9,0,-2,256,5.0
gnn_0520,37,43,43,7,5,7,8,1,1,720,1.5
gnn_0521,40,43,33,5,3,12,5,-1,-1,340,2.0
gnn_0522,43,40,30,7,5,9,8,-1,1,256,1.0
gnn_0523,40,37,30,12,3,7,5,0,-2,128,4.0
gnn_0524,30,43,30,7,7,9,6,-1,1,720,1.5
gnn_0525,30,33,40,9,5,5,7,-2,-1,128,4.5
gnn_0526,43,30,30,7,7,9,7,-2,-1,512,5.0
gnn_0527,43,30,37,3,12,12,5,-2,2,340,0.5
gnn_0528,30,30,37,3,5,3,5,-2,-2,512,3.5
gnn_0529,40,33,43,12,9,9,8,2,-2,512,3.0
gnn_0530,37,37,30,12,5,12,9,0,-1,340,4.5
gnn_0531,37,33,40,12,9,7,8,-1,-2,128,4.5
gnn_0532,33,30,30,7,3,5,6,-1,2,512,2.0
gnn_0533,43,33,30,12,5,5,5,-1,2,256,4.5
gnn_0534,40,40,37,5,7,9,7,1,1,720,5.0
gnn_0535,33,43,37,5,7,5,6,1,-1,340,2.0
gnn_0536,33,33,30,12,12,12,6,-1,-2,512,5.0
gnn_0537,43,43,30,12,5,3,7,0,-2,512,3.0
gnn_0538,40,30,33,12,7,5,6,-2,2,512,2.5
gnn_0539,33,40,30,12,9,3,9,-1,1,256,2.0
gnn_0540,37,30,37,5,12,7,8,1,2,512,1.0
gnn_0541,33,40,37,3,3,7,9,2,1,256,1.0
gnn_0542,40,33,33,5,3,7,8,0,2,128,4.0
gnn_0543,37,40,40,7,9,12,5,1,-1,340,0.5
gnn_0544,43,33,43,12,9,7,9,2,1,512,2.0
gnn_0545,30,43,37,9,12,7,5,-2,0,340,1.5
gnn_0546,43,40,33,7,3,3,9,2,0,256,3.5
gnn_0547,43,40,40,5,5,12,7,0,-2,128,1.0
gnn_0548,37,37,30,5,9,5,7,1,2,512,1.5
gnn_0549,37,40,37,9,7,7,6,0,2,256,1.0
gnn_0550,43,30,43,5,3,12,5,2,1,512,2.5
gnn_0551,30,43,30,12,5,9,5,-2,2,340,4.0
gnn_0552,37,30,40,3,9,9,9,1,-2,512,3.5
gnn_0553,30,40,30,7,12,7,6,1,-2,340,2.5
gnn_0554,33,43,30,9,9,5,6,-2,2,720,1.0
gnn_0555,37,30,30,7,7,3,6,-2,-1,256,4.0
gnn_0556,43,43,40,12,7,12,7,0,-1,512,5.0
gnn_0557,40,43,37,12,9,12,6,0,-1,512,5.0
gnn_0558,33,37,43,3,7,5,9,-1,-2,128,4.5
gnn_0559,30,40,37,5,7,3,5,-1,-1,128,0.5
gnn_0560,33,43,43,7,12,12,7,-1,1,340,1.0
gnn_0561,37,37,33,5,12,9,5,-1,1,720,4.5
gnn_0562,37,37,40,5,5,3,8,0,-1,340,3.0
gnn_0563,40,37,40,12,3,5,6,2,0,128,5.0
gnn_0564,40,30,40,5,12,12,5,0,0,256,3.0
gnn_0565,37,37,40,5,5,12,9,0,0,340,5.0
gnn_0566,43,33,37,12,9,7,6,0,2,720,1.0
gnn_0567,30,43,40,12,5,12,8,0,0,512,0.5
gnn_0568,43,30,40,7,7,5,6,1,-2,720,3.5
gnn_0569,40,43,33,12,5,9,8,1,0,256,2.0
gnn_0570,30,43,30,5,9,3,5,-1,-1,340,3.5
gnn_0571,33,37,40,9,7,9,7,-1,1,256,3.0
gnn_0572,37,37,37,9,7,5,6,2,2,720,1.0
gnn_0573,40,40,33,12,3,9,8,0,2,128,3.5
gnn_0574,43,37,37,5,9,12,8,-1,2,256,3.5
gnn_0575,37,43,33,12,3,12,6,0,0,256,1.0
gnn_0576,30,37,43,9,7,5,9,-1,0,512,2.5
gnn_0577,37,43,40,12,12,9,8,2,-1,512,1.5
gnn_0578,37,37,43,7,9,3,9,-2,2,256,2.0
gnn_0579,30,40,33,7,12,5,8,-1,2,340,5.0
gnn_0580,30,33,40,5,3,3,5,1,1,720,0.5
gnn_0581,40,30,33,3,5,9,8,1,-2,128,1.0
gnn_0582,40,30,30,9,12,9,8,-1,-2,720,5.0
gnn_0583,40,43,43,5,3,3,5,-2,1,256,5.0
gnn_0584,33,37,43,5,12,3,5,1,1,128,4.5
gnn_0585,33,37,40,7,9,7,8,0,0,512,1.5
gnn_0586,40,37,30,9,3,3,8,-1,-2,512,2.0
gnn_0587,40,37,33,3,7,9,8,-2,2,128,1.0
gnn_0588,43,30,40,12,7,7,9,-2,2,720,5.0
gnn_0589,37,30,40,3,3,12,6,-2,-2,512,2.5
gnn_0590,40,43,30,9,9,9,8,-1,-1,512,3.0
gnn_0591,43,43,43,12,5,12,5,-1,0,720,3.0
gnn_0592,37,37,43,7,9,12,9,2,-2,128,0.5
gnn_0593,33,43,43,9,7,9,7,2,-2,340,5.0
gnn_0594,40,40,43,7,12,9,7,0,0,720,0.5
gnn_0595,43,30,43,3,3,5,8,-1,1,128,1.0
gnn_0596,33,43,30,7,9,12,7,-2,1,340,2.0
gnn_0597,30,37,30,3,9,5,8,-1,0,128,4.0
gnn_0598,43,43,37,3,12,7,5,2,-2,720,4.0
gnn_0599,37,30,37,3,12,7,9,1,0,128,2.0
gnn_0600,40,40,33,5,9,3,9,-2,0,340,0.5
gnn_0601,37,40,40,5,7,3,6,-2,2,128,1.0
gnn_0602,30,40,40,12,9,7,5,-1,-2,720,4.5
gnn_0603,30,37,43,5,12,12,6,-2,2,340,4.5
gnn_0604,37,40,30,7,5,5,7,0,1,256,2.0
gnn_0605,40,33,43,5,3,7,9,-1,0,340,1.5
gnn_0606,40,43,33,7,5,9,7,-1,2,256,2.5
gnn_0607,37,40,33,12,3,12,7,2,0,340,2.5
gnn_0608,33,33,43,9,9,7,7,0,-2,720,2.0
gnn_0609,40,40,30,7,7,7,6,-1,1,720,4.5
gnn_0610,43,37,40,12,7,5,8,-2,1,340,5.0
gnn_0611,37,30,43,7,12,12,9,-1,0,128,2.0
gnn_0612,33,43,33,12,12,12,8,1,-2,256,4.5
gnn_0613,43,40,40,9,3,9,9,-1,-2,128,0.5
gnn_0614,33,43,37,7,12,7,6,-1,1,256,5.0
gnn_0615,40,40,37,3,3,5,9,-1,2,128,2.0
gnn_0616,40,33,40,5,5,3,7,-2,0,340,2.5
gnn_0617,43,33,30,7,9,5,9,1,2,340,2.5
gnn_0618,30,30,40,9,9,5,5,0,1,256,3.5
gnn_0619,43,37,33,3,9,7,6,-1,1,512,1.5
gnn_0620,33,37,33,5,12,3,6,2,2,720,4.5
gnn_0621,40,33,40,12,3,3,7,2,1,128,1.5
gnn_0622,37,30,43,9,7,12,5,2,1,512,2.5
gnn_0623,40,37,33,9,5,5,7,1,-1,128,0.5
gnn_0624,43,40,37,3,5,12,7,-1,-1,128,2.0
gnn_0625,37,43,33,3,12,5,7,-1,-1,256,0.5
gnn_0626,43,30,43,3,9,3,8,-2,1,512,4.5
gnn_0627,40,30,30,9,9,9,8,-1,-2,256,3.5
gnn_0628,40,30,33,12,7,5,9,-2,2,340,3.5
gnn_0629,40,43,43,7,3,9,6,-2,1,720,1.0
gnn_0630,33,40,30,3,3,9,5,-1,-1,128,2.0
gnn_0631,30,30,33,7,3,3,6,0,2,128,1.5
gnn_0632,33,30,43,7,12,9,9,-1,2,256,1.0
gnn_0633,43,33,33,9,12,3,6,-2,-1,720,4.0
gnn_0634,40,33,33,9,12,3,7,2,0,720,4.5
gnn_0635,33,30,43,12,7,12,7,-2,2,512,3.0
gnn_0636,37,37,40,7,12,5,6,2,2,512,3.5
gnn_0637,33,40,33,7,3,3,8,0,-1,128,1.0
gnn_0638,37,37,30,7,12,7,7,2,-2,256,1.0
gnn_0639,33,37,40,7,9,5,8,1,0,512,2.5
gnn_0640,33,37,37,7,5,12,9,-1,-1,256,4.5
gnn_0641,33,37,40,12,9,3,9,-2,0,512,4.5
gnn_0642,43,43,30,9,3,9,9,0,0,128,2.0
gnn_0643,40,40,37,3,3,12,7,1,0,256,5.0
gnn_0644,33,30,37,7,3,12,6,1,-2,340,3.5
gnn_0645,40,40,33,12,3,12,5,0,1,720,4.0
gnn_0646,30,43,30,12,3,9,5,-1,-1,512,3.0
gnn_0647,43,37,33,5,5,12,5,-1,-1,512,3.0
gnn_0648,37,37,33,5,5,9,6,0,-2,340,4.5
gnn_0649,33,30,33,7,12,12,5,-2,2,340,1.5
gnn_0650,30,43,37,9,3,5,8,1,-2,340,2.5
gnn_0651,30,33,33,5,7,9,8,-2,-2,128,3.0
gnn_0652,43,30,37,7,5,7,6,-1,2,340,3.5
gnn_0653,33,33,33,7,3,3,6,0,-1,720,2.5
gnn_0654,33,30,33,12,9,5,6,1,-2,256,0.5
gnn_0655,37,33,37,9,7,3,7,2,0,512,1.0
gnn_0656,40,40,40,7,12,9,5,2,-2,128,0.5
gnn_0657,30,33,43,12,9,12,7,0,2,128,1.5
gnn_0658,40,43,33,7,7,9,7,2,2,720,3.0
gnn_0659,33,40,30,5,3,5,6,0,-2,720,4.0
gnn_0660,30,37,40,7,3,5,6,2,-1,340,4.5
gnn_0661,43,43,43,3,9,5,8,1,1,256,1.5
gnn_0662,30,43,33,7,12,3,7,1,-1,720,5.0
gnn_0663,37,40,43,9,12,3,9,-1,-1,128,4.0
gnn_0664,30,43,40,9,5,3,9,1,2,256,3.0
gnn_0665,37,30,33,7,12,12,7,1,0,128,1.0
gnn_0666,30,40,33,7,12,7,8,0,2,720,2.5
gnn_0667,43,37,37,9,3,5,5,0,-1,256,5.0
gnn_0668,43,30,30,3,9,9,9,-2,-2,340,1.0
gnn_0669,40,43,30,5,7,5,8,0,1,720,5.0
gnn_0670,33,33,43,9,7,5,7,0,-2,128,1.5
gnn_0671,33,33,43,12,3,12,7,1,0,512,5.0
gnn_0672,43,33,30,7,5,12,5,2,-1,340,1.5
gnn_0673,40,43,37,5,12,12,8,1,-1,512,2.5
gnn_0674,43,33,40,7,3,7,6,2,-2,128,3.5
gnn_0675,33,33,30,3,7,7,7,-2,-1,512,3.0
gnn_0676,37,33,30,9,7,9,9,1,1,720,4.0
gnn_0677,43,43,37,3,12,7,6,0,1,256,2.5
gnn_0678,30,40,37,5,3,12,6,1,-2,512,4.5
gnn_0679,40,43,40,12,3,3,9,-1,-1,256,4.0
gnn_0680,37,40,30,7,9,12,8,-1,1,340,0.5
gnn_0681,40,30,30,9,12,5,7,-1,-1,128,3.5
gnn_0682,37,30,33,9,7,12,6,2,0,128,4.0
gnn_0683,37,43,40,7,3,7,5,1,2,512,4.5
gnn_0684,33,30,43,3,5,5,5,-1,1,340,5.0
gnn_0685,30,33,37,5,7,7,9,1,-1,720,4.5
gnn_0686,30,30,40,7,9,9,9,1,-2,256,1.5
gnn_0687,40,43,43,9,12,12,7,-1,0,512,0.5
gnn_0688,43,30,30,5,12,5,6,0,2,340,1.0
gnn_0689,33,43,37,12,5,3,5,2,-2,256,3.0
gnn_0690,33,33,33,3,12,7,8,1,-2,128,1.0
gnn_0691,33,30,40,3,9,12,8,2,1,340,1.0
gnn_0692,37,30,33,5,12,5,5,2,2,256,3.0
gnn_0693,30,43,40,3,12,3,6,2,2,512,0.5
gnn_0694,30,37,43,9,7,5,5,-2,2,256,2.5
gnn_0695,37,37,43,9,3,7,7,-2,0,128,4.0
gnn_0696,33,40,33,7,5,9,5,1,-1,512,1.5
gnn_0697,43,30,33,9,3,7,6,-2,0,340,1.0
gnn_0698,30,43,37,3,12,5,9,1,-2,256,4.5
gnn_0699,37,40,30,9,3,7,6,2,0,720,0.5
gnn_0700,43,33,33,3,3,12,6,2,1,256,2.5
gnn_0701,37,30,33,9,7,9,9,0,2,340,4.5
gnn_0702,30,37,33,7,12,3,8,2,-1,340,5.0
gnn_0703,33,33,40,3,12,3,7,2,0,512,2.5
gnn_0704,40,43,40,9,9,5,6,0,1,512,3.0
gnn_0705,40,37,43,12,7,3,7,0,-1,512,3.5
gnn_0706,43,30,40,9,9,9,9,0,0,720,4.5
gnn_0707,30,37,37,12,9,7,5,1,1,256,4.0
gnn_0708,30,33,30,12,5,12,9,-2,0,340,2.0
gnn_0709,37,43,43,7,12,7,9,0,-1,256,1.0
gnn_0710,30,30,33,7,7,5,9,-2,-2,720,1.5
gnn_0711,43,43,33,9,3,12,6,0,1,256,4.0
gnn_0712,43,40,33,5,7,5,7,0,-1,340,3.5
gnn_0713,33,30,43,7,9,3,5,0,-1,720,0.5
gnn_0714,40,43,40,7,5,7,5,-1,1,720,5.0
gnn_0715,30,33,33,12,3,3,6,-2,0,340,0.5
gnn_0716,37,40,43,5,5,3,7,0,-1,720,2.0
gnn_0717,40,43,33,7,9,3,7,-1,0,512,2.0
gnn_0718,43,33,37,5,12,3,6,1,2,720,0.5
gnn_0719,33,37,37,7,12,3,9,0,0,512,2.0
gnn_0720,43,43,30,9,3,3,9,-1,2,512,3.5
gnn_0721,33,37,30,12,3,7,8,-2,1,128,2.5
gnn_0722,40,37,40,9,7,12,8,0,1,256,2.5
gnn_0723,40,33,43,7,9,7,6,0,0,128,3.5
gnn_0724,40,40,33,7,9,7,9,-1,2,256,4.5
gnn_0725,30,43,37,7,7,5,5,-1,-2,720,2.0
gnn_0726,37,33,33,3,12,9,8,-2,2,340,3.5
gnn_0727,40,33,43,5,12,7,6,1,2,512,0.5
gnn_0728,33,33,37,12,9,7,6,0,-2,512,3.0
gnn_0729,40,40,33,7,12,12,9,0,1,256,1.0
gnn_0730,33,43,37,5,9,9,9,-1,-2,512,1.5
gnn_0731,37,33,37,5,9,3,9,0,2,340,0.5
gnn_0732,37,30,33,12,3,5,7,-2,-2,256,4.0
gnn_0733,40,43,33,5,7,7,6,1,-2,256,0.5
gnn_0734,37,33,43,7,9,5,5,0,2,128,5.0
gnn_0735,33,43,40,5,7,12,6,-1,1,128,5.0
gnn_0736,33,37,43,9,3,5,7,-1,-2,128,1.0
gnn_0737,33,37,30,3,5,9,7,1,0,720,1.5
gnn_0738,37,30,30,9,3,9,6,0,-2,340,4.0
gnn_0739,33,33,30,12,12,7,8,-2,1,256,2.5
gnn_0740,33,30,43,5,12,7,9,2,1,128,1.0
gnn_0741,40,30,37,9,12,3,6,-2,0,256,1.0
gnn_0742,40,30,43,9,5,9,6,1,-2,512,5.0
gnn_0743,30,33,37,3,12,3,6,-1,-1,128,4.5
gnn_0744,33,40,30,5,9,3,6,2,0,720,5.0
gnn_0745,33,37,30,5,12,12,5,0,0,256,4.0
gnn_0746,43,30,33,9,9,5,6,1,0,512,5.0
gnn_0747,43,30,40,5,7,9,9,-2,-1,128,2.5
gnn_0748,37,33,37,9,9,5,5,-2,-1,720,2.5
gnn_0749,43,43,30,9,5,12,6,-2,-1,128,0.5
gnn_0750,40,33,33,9,7,3,8,-2,-1,512,4.5
gnn_0751,30,40,40,12,9,12,7,-1,-2,256,0.5
gnn_0752,33,33,30,12,7,7,5,0,2,340,4.0
gnn_0753,40,33,33,9,5,9,5,0,-1,340,3.5
gnn_0754,37,43,40,12,12,7,5,0,1,340,3.5
gnn_0755,40,43,37,9,5,5,6,1,1,256,3.5
gnn_0756,30,37,43,12,12,7,6,1,-2,340,0.5
gnn_0757,37,43,33,5,7,12,9,2,1,340,4.5
gnn_0758,40,33,40,9,9,5,8,2,-1,720,4.5
gnn_0759,40,30,43,12,3,3,5,-1,-1,128,1.0
gnn_0760,40,40,30,9,9,3,8,0,1,720,3.5
gnn_0761,43,40,43,12,9,9,5,1,1,720,3.5
gnn_0762,40,43,30,9,5,9,6,0,-1,720,3.5
gnn_0763,43,33,30,7,9,3,5,-2,2,720,3.0
gnn_0764,30,40,43,12,3,9,5,0,2,512,2.0
gnn_0765,37,40,33,7,12,3,9,0,-2,340,3.0
gnn_0766,37,40,33,7,5,3,8,-2,-2,720,1.0
gnn_0767,33,30,43,12,9,7,7,0,2,256,2.0
gnn_0768,37,40,37,3,5,5,6,-2,-1,340,1.5
gnn_0769,40,30,37,7,3,9,7,0,1,512,2.0
gnn_0770,43,40,40,9,9,12,8,-1,0,512,1.5
gnn_0771,30,33,33,5,12,3,9,0,0,720,5.0
gnn_0772,33,43,30,7,9,7,7,0,-1,128,1.5
gnn_0773,30,33,43,3,3,5,8,-1,2,256,2.0
gnn_0774,40,37,30,9,5,12,6,-2,1,512,3.0
gnn_0775,37,43,30,9,7,12,5,1,2,340,5.0
gnn_0776,43,43,37,3,5,3,8,0,0,128,4.0
gnn_0777,30,30,40,5,9,12,7,1,2,720,4.5
gnn_0778,40,33,37,3,3,7,6,1,2,340,2.5
gnn_0779,43,30,43,7,9,12,5,-1,0,256,2.0
gnn_0780,40,43,40,9,7,9,5,2,1,512,4.5
gnn_0781,30,30,33,7,5,12,8,-2,1,340,3.5
gnn_0782,40,43,43,9,3,12,6,0,-1,512,5.0
gnn_0783,43,33,40,3,12,12,6,-1,0,720,1.0
gnn_0784,43,37,43,7,3,9,9,-1,2,340,5.0
gnn_0785,43,37,30,9,7,7,5,0,1,512,4.0
gnn_0786,30,37,30,12,9,3,9,2,-1,128,3.0
gnn_0787,37,30,33,3,7,9,7,-1,2,340,1.0
gnn_0788,40,33,33,3,12,3,9,-2,-1,512,2.5
gnn_0789,43,37,37,9,9,12,7,1,-1,340,1.0
gnn_0790,43,40,43,12,12,5,5,1,1,128,4.5
gnn_0791,43,30,37,5,9,5,6,1,2,512,5.0
gnn_0792,43,43,43,12,12,3,8,-1,2,512,4.5
gnn_0793,40,33,33,7,7,5,9,2,-2,720,5.0
gnn_0794,43,30,40,9,12,9,8,1,0,128,1.0
gnn_0795,43,33,37,7,5,3,6,1,-2,720,3.0
gnn_0796,40,37,30,9,3,3,7,-2,1,128,3.5
gnn_0797,30,43,33,9,12,12,5,-2,-1,340,4.0
gnn_0798,43,40,37,5,9,7,7,0,1,128,2.0
gnn_0799,30,30,33,7,12,12,8,0,-2,128,5.0
gnn_0800,33,33,43,12,5,9,8,-2,-1,720,3.5
gnn_0801,43,43,43,12,5,9,6,-1,0,256,3.5
gnn_0802,30,30,33,12,9,9,8,2,-2,720,4.0
gnn_0803,33,43,40,3,3,9,5,2,1,720,5.0
gnn_0804,37,33,43,7,9,12,7,1,1,340,4.5
gnn_0805,30,37,33,5,12,5,9,1,-1,128,5.0
gnn_0806,33,37,43,3,7,9,5,0,2,340,1.0
gnn_0807,33,37,37,9,5,12,5,-1,1,720,3.0
gnn_0808,30,43,30,5,7,9,9,2,-1,512,2.0
gnn_0809,33,33,37,9,5,12,6,0,-1,256,4.0
gnn_0810,43,37,33,9,12,9,6,0,-1,128,3.0
gnn_0811,30,30,30,3,5,3,7,1,0,512,0.5
gnn_0812,37,40,40,12,12,7,7,1,1,256,0.5
gnn_0813,30,40,30,3,7,9,9,-1,2,340,3.5
gnn_0814,30,33,37,12,3,9,8,1,2,340,1.5
gnn_0815,33,43,37,7,7,7,7,-2,-1,128,0.5
gnn_0816,30,37,30,9,9,12,6,1,-1,256,3.5
gnn_0817,37,43,40,5,3,12,7,2,2,720,3.0
gnn_0818,37,43,37,12,12,5,5,-1,1,512,4.5
gnn_0819,33,33,43,5,9,5,8,-2,2,512,3.0
gnn_0820,43,40,43,5,5,5,6,-2,2,256,2.5
gnn_0821,40,37,33,12,12,9,9,0,-1,340,2.5
gnn_0822,37,43,40,12,9,9,8,2,-1,720,4.5
gnn_0823,37,43,37,7,7,9,9,0,1,512,1.0
gnn_0824,33,33,37,3,3,5,6,2,0,512,4.5
gnn_0825,30,30,43,5,12,9,7,1,-1,720,5.0
gnn_0826,37,43,30,3,5,5,5,2,1,512,3.0
gnn_0827,30,40,33,7,12,9,9,-1,0,340,4.5
gnn_0828,30,30,43,3,5,9,5,0,-2,128,4.5
gnn_0829,37,33,43,5,7,12,5,0,2,128,1.0
gnn_0830,33,40,37,12,12,7,7,-1,0,128,4.5
gnn_0831,33,37,33,3,3,12,9,-1,-2,720,3.0
gnn_0832,43,43,37,9,5,12,9,-1,-2,512,2.0
gnn_0833,33,40,30,9,7,3,7,1,-2,720,1.0
gnn_0834,37,43,43,3,5,7,5,2,2,720,0.5
gnn_0835,40,43,37,7,12,12,5,2,0,256,2.5
gnn_0836,30,30,37,9,7,9,7,2,-2,256,4.5
gnn_0837,43,33,30,12,9,9,8,2,-1,128,4.5
gnn_0838,40,30,33,9,12,7,7,-1,0,720,1.0
gnn_0839,43,40,37,9,7,5,5,2,-2,340,3.5
gnn_0840,33,33,37,7,7,9,6,-2,0,128,3.0
gnn_0841,43,30,43,12,7,3,6,1,2,340,0.5
gnn_0842,30,43,30,12,5,3,9,-2,1,128,3.5
gnn_0843,30,30,40,7,3,3,8,2,1,128,2.0
gnn_0844,43,43,30,5,12,9,9,1,-1,512,1.0
gnn_0845,40,30,40,3,9,3,9,0,2,128,2.5
gnn_0846,43,30,33,12,12,12,5,-2,1,256,1.0
gnn_0847,33,40,33,12,7,12,5,-2,2,720,2.0
gnn_0848,33,43,37,3,7,9,8,-1,-1,512,1.5
gnn_0849,43,37,40,9,5,3,6,1,0,340,3.0
gnn_0850,43,33,37,5,12,5,6,2,1,512,0.5
gnn_0851,43,43,37,7,5,7,8,-2,-2,256,4.5
gnn_0852,43,40,40,5,7,7,8,1,0,340,0.5
gnn_0853,40,40,33,9,9,12,7,2,1,128,4.0
gnn_0854,37,33,40,5,3,12,7,1,1,128,3.5
gnn_0855,33,30,33,5,9,3,5,-2,-2,720,3.5
gnn_0856,43,37,30,7,7,12,5,0,2,128,5.0
gnn_0857,40,37,30,3,3,3,9,1,-1,256,4.0
gnn_0858,43,37,30,7,9,3,5,1,-1,512,0.5
gnn_0859,40,43,40,12,9,5,6,-1,1,720,2.5
gnn_0860,43,37,33,3,7,7,8,-1,0,128,3.0
gnn_0861,37,40,43,12,5,7,5,0,1,720,0.5
gnn_0862,30,30,33,7,7,7,9,1,1,128,1.5
gnn_0863,40,37,40,9,7,7,9,1,2,340,1.5
gnn_0864,37,37,40,9,9,7,9,1,-2,128,3.0
gnn_0865,33,30,43,12,7,5,6,2,-1,340,3.5
gnn_0866,40,30,30,12,9,5,7,-1,-2,512,3.5
gnn_0867,33,43,33,7,7,5,7,0,2,512,0.5
gnn_0868,43,30,33,5,5,9,8,2,0,720,2.5
gnn_0869,43,37,30,7,7,7,5,1,-2,512,3.0
gnn_0870,40,43,43,3,5,12,5,-2,-1,720,5.0
gnn_0871,37,37,43,7,12,12,5,0,-2,256,5.0
gnn_0872,43,37,40,9,9,9,6,1,0,256,4.5
gnn_0873,40,37,37,9,7,5,8,1,1,512,3.0
gnn_0874,33,30,30,5,7,3,8,2,-1,512,1.0
gnn_0875,33,43,43,5,9,12,7,0,0,720,3.0
gnn_0876,43,40,33,5,7,7,8,-1,1,720,1.5
gnn_0877,33,40,43,5,3,7,9,0,-2,512,4.5
gnn_0878,43,37,30,12,9,7,9,-2,1,340,1.5
gnn_0879,33,37,43,3,5,5,6,2,2,512,2.0
gnn_0880,37,43,37,12,3,12,8,1,-2,128,4.0
gnn_0881,37,43,30,5,9,5,9,-2,-1,720,5.0
gnn_0882,37,43,37,7,7,12,7,2,0,340,1.0
gnn_0883,37,43,37,3,9,9,5,-1,0,256,3.5
gnn_0884,40,33,37,5,7,7,5,0,2,512,1.5
gnn_0885,40,33,30,9,7,7,7,2,-2,340,4.5
gnn_0886,37,37,37,3,7,3,7,1,-1,340,4.0
gnn_0887,30,30,40,9,12,5,6,-2,2,720,0.5
gnn_0888,37,33,30,7,12,5,8,2,1,340,1.5
gnn_0889,30,40,40,9,3,5,8,-2,-1,128,3.0
gnn_0890,43,43,40,9,3,7,6,0,-1,720,2.0
gnn_0891,30,30,43,12,5,7,9,-1,0,340,3.5
gnn_0892,33,37,33,5,7,9,5,1,-2,512,2.0
gnn_0893,37,30,40,12,9,3,8,1,2,512,1.0
gnn_0894,30,33,40,5,5,7,5,-1,-1,720,3.0
gnn_0895,40,40,40,7,5,3,6,2,1,256,5.0
gnn_0896,40,33,33,12,7,3,7,0,2,256,5.0
gnn_0897,33,33,40,5,5,3,7,0,2,512,0.5
gnn_0898,30,40,40,5,3,3,5,-1,1,256,4.0
gnn_0899,30,30,30,9,7,3,9,-1,0,340,2.5
gnn_0900,30,30,43,12,9,7,5,-2,2,340,2.0
gnn_0901,43,43,30,12,7,9,8,-2,-1,340,2.5
gnn_0902,40,30,30,12,9,9,5,2,-1,340,2.5
gnn_0903,33,30,37,3,7,9,6,0,-2,720,1.5
gnn_0904,30,37,40,3,12,9,8,2,2,340,1.5
gnn_0905,33,43,30,9,7,7,9,-2,2,340,0.5
gnn_0906,30,37,40,12,12,9,6,-1,2,512,2.5
gnn_0907,40,40,40,9,9,9,5,2,1,340,2.5
gnn_0908,30,37,40,5,3,7,5,2,1,512,3.5
gnn_0909,30,30,30,5,9,7,5,-1,1,340,2.5
gnn_0910,43,33,37,7,12,3,7,0,1,128,0.5
gnn_0911,33,33,37,5,12,12,5,-1,-1,512,1.0
gnn_0912,40,43,43,5,3,3,6,-1,0,340,5.0
gnn_0913,37,30,43,3,3,9,5,-1,1,256,1.5
gnn_0914,37,30,40,5,12,9,6,1,-1,512,0.5
gnn_0915,37,33,40,7,3,3,5,2,0,128,4.5
gnn_0916,40,40,30,12,12,5,8,2,0,720,4.5
gnn_0917,43,30,33,9,12,12,6,-1,0,128,4.5
gnn_0918,43,37,30,9,7,3,6,2,-1,128,3.5
gnn_0919,40,43,33,9,5,7,9,-1,-1,720,1.5
gnn_0920,37,30,37,9,9,5,6,-2,-1,340,1.0
gnn_0921,40,30,30,7,12,5,7,1,2,256,2.0
gnn_0922,37,33,40,5,3,3,5,-2,-1,128,4.5
gnn_0923,43,30,30,12,3,3,9,2,2,720,3.0
gnn_0924,40,37,43,9,12,5,7,-1,-1,128,0.5
gnn_0925,43,43,37,7,5,7,9,-1,2,256,2.0
gnn_0926,33,33,30,12,12,9,7,2,0,256,1.0
gnn_0927,37,40,37,5,3,12,8,-2,-2,128,1.0
gnn_0928,33,33,40,12,7,9,9,2,1,340,0.5
gnn_0929,37,37,40,5,3,9,5,2,-1,340,4.5
gnn_0930,30,43,33,7,9,12,9,2,0,128,0.5
gnn_0931,33,37,30,7,3,7,6,0,1,512,4.0
gnn_0932,33,30,37,5,12,3,8,2,0,256,4.0
gnn_0933,33,40,30,7,7,7,7,1,-1,340,0.5
gnn_0934,30,43,37,9,7,3,5,0,-2,340,2.0
gnn_0935,30,40,37,9,9,5,9,-2,-1,256,3.5
gnn_0936,37,43,33,3,5,12,9,-1,-1,340,4.0
gnn_0937,43,30,40,12,12,3,9,-2,1,720,1.5
gnn_0938,43,30,40,9,7,3,7,1,-1,340,3.0
gnn_0939,43,37,40,12,7,7,7,1,2,340,2.5
gnn_0940,33,40,40,12,12,7,9,0,1,128,0.5
gnn_0941,33,37,33,7,7,3,6,2,0,512,4.5
gnn_0942,37,33,30,12,3,7,9,1,-2,340,0.5
gnn_0943,33,43,37,9,7,9,7,-2,0,128,1.5
gnn_0944,33,30,40,5,7,12,9,2,0,512,0.5
gnn_0945,33,43,33,12,9,5,7,1,-2,340,2.5
gnn_0946,40,40,37,12,5,5,5,1,0,256,5.0
gnn_0947,30,30,30,5,7,12,9,-1,-1,512,0.5
gnn_0948,40,30,43,5,12,7,7,2,1,256,4.0
gnn_0949,37,33,37,5,7,12,8,1,0,128,2.5
gnn_0950,43,33,30,12,9,12,6,-1,1,256,3.5
gnn_0951,37,33,30,3,9,12,5,2,2,340,2.5
gnn_0952,30,40,30,9,12,5,6,1,1,512,2.5
gnn_0953,30,33,30,7,12,3,6,0,0,128,2.5
gnn_0954,30,30,43,9,3,7,6,1,0,340,3.0
gnn_0955,30,33,37,9,5,3,7,0,0,340,2.5
gnn_0956,40,33,30,7,3,7,9,-2,-1,512,1.5
gnn_0957,30,37,33,12,12,12,6,-1,2,340,0.5
gnn_0958,40,30,43,12,7,12,5,-1,-2,128,3.5
gnn_0959,33,37,43,5,9,3,6,2,-2,128,2.0
gnn_0960,33,43,40,7,7,5,9,-1,2,128,4.0
gnn_0961,33,43,33,7,7,9,7,1,1,256,5.0
gnn_0962,43,30,33,7,5,12,6,1,1,256,3.5
gnn_0963,33,37,33,9,12,3,7,1,0,128,0.5
gnn_0964,37,37,37,5,12,9,6,2,-2,720,1.5
gnn_0965,43,43,33,3,9,7,6,-1,0,512,3.0
gnn_0966,37,40,33,7,7,12,6,-2,-2,720,3.5
gnn_0967,33,43,30,9,7,7,8,0,2,340,1.5
gnn_0968,43,30,30,3,3,9,6,0,-1,720,4.5
gnn_0969,37,33,33,7,5,3,6,-2,1,340,1.5
gnn_0970,30,40,43,7,9,9,7,1,-2,128,1.5
gnn_0971,30,43,37,5,3,9,8,0,1,340,0.5
gnn_0972,37,33,40,7,12,5,7,1,-2,340,2.5
gnn_0973,33,33,30,12,3,9,6,2,1,720,4.0
gnn_0974,43,43,30,5,9,7,9,2,0,512,0.5
gnn_0975,30,40,37,12,12,3,9,1,0,128,5.0
gnn_0976,30,40,37,7,7,5,5,-2,2,340,3.5
gnn_0977,30,33,30,9,12,3,5,1,2,128,4.0
gnn_0978,40,30,33,3,9,7,9,-1,1,128,3.5
gnn_0979,33,33,33,9,12,5,9,-1,-1,128,1.0
gnn_0980,30,37,37,12,12,12,5,-1,-2,256,2.0
gnn_0981,37,43,30,9,9,12,6,1,0,512,1.5
gnn_0982,40,30,37,3,12,5,5,2,1,512,0.5
gnn_0983,43,40,43,3,12,9,8,2,2,512,4.5
gnn_0984,40,43,37,5,7,9,6,-1,2,256,2.5
gnn_0985,30,43,33,9,12,7,6,2,2,128,2.0
gnn_0986,30,33,33,9,3,5,7,0,0,720,2.5
gnn_0987,33,33,40,9,3,7,5,-2,2,128,1.0
gnn_0988,43,43,37,5,12,3,8,-1,0,128,4.0
gnn_0989,40,30,33,12,9,3,8,1,-2,340,5.0
gnn_0990,43,37,30,3,9,9,9,2,0,720,3.0
gnn_0991,40,33,43,5,12,5,7,-1,2,128,4.0
gnn_0992,33,33,33,12,7,12,6,2,-2,256,3.0
gnn_0993,30,30,43,3,12,3,8,1,1,256,1.0
gnn_0994,33,40,30,3,5,12,5,1,2,128,4.0
gnn_0995,40,37,43,3,9,12,8,2,-2,256,2.0
gnn_0996,33,43,30,9,9,5,7,-1,-2,128,4.5
gnn_0997,33,40,30,3,5,3,9,0,0,340,3.5
gnn_0998,37,30,37,3,5,3,6,-1,0,720,2.0
gnn_0999,43,43,33,7,9,7,8,0,-2,512,4.0
