# 30 UEs inside the playground quadrilateral, with very slight (sub-1m) micro-
# mobility jitter: a bounded random walk (std=0.06m/step, clamped to 1.0m radius
# from the base position) sampled once per second. Base positions are the same
# ones from the original static ue-playground-30.csv (seed 42, same polygon).
# corners: (-285.01,141.38,25) (-319.75,138.11,25) (-327.30,194.38,25) (-290.56,199.03,25)
time_s,ue_id,x,y,z,active
0.000,ue1,-315.669,151.708,25.0,true
1.000,ue1,-315.678,151.698,25.0,true
2.000,ue1,-315.684,151.740,25.0,true
3.000,ue1,-315.692,151.650,25.0,true
4.000,ue1,-315.672,151.634,25.0,true
5.000,ue1,-315.685,151.641,25.0,true
6.000,ue1,-315.671,151.711,25.0,true
7.000,ue1,-315.632,151.717,25.0,true
8.000,ue1,-315.676,151.656,25.0,true
9.000,ue1,-315.661,151.735,25.0,true
10.000,ue1,-315.659,151.729,25.0,true
11.000,ue1,-315.627,151.641,25.0,true
12.000,ue1,-315.646,151.671,25.0,true
13.000,ue1,-315.593,151.656,25.0,true
14.000,ue1,-315.571,151.671,25.0,true
15.000,ue1,-315.524,151.605,25.0,true
16.000,ue1,-315.490,151.514,25.0,true
17.000,ue1,-315.647,151.477,25.0,true
18.000,ue1,-315.702,151.530,25.0,true
19.000,ue1,-315.662,151.457,25.0,true
20.000,ue1,-315.611,151.397,25.0,true
21.000,ue1,-315.616,151.379,25.0,true
22.000,ue1,-315.609,151.428,25.0,true
23.000,ue1,-315.571,151.449,25.0,true
24.000,ue1,-315.532,151.478,25.0,true
25.000,ue1,-315.570,151.435,25.0,true
26.000,ue1,-315.598,151.465,25.0,true
27.000,ue1,-315.613,151.605,25.0,true
28.000,ue1,-315.662,151.539,25.0,true
29.000,ue1,-315.616,151.624,25.0,true
30.000,ue1,-315.586,151.674,25.0,true
31.000,ue1,-315.500,151.669,25.0,true
32.000,ue1,-315.585,151.637,25.0,true
33.000,ue1,-315.528,151.550,25.0,true
34.000,ue1,-315.526,151.565,25.0,true
35.000,ue1,-315.545,151.609,25.0,true
36.000,ue1,-315.510,151.748,25.0,true
37.000,ue1,-315.473,151.711,25.0,true
38.000,ue1,-315.507,151.662,25.0,true
39.000,ue1,-315.450,151.628,25.0,true
40.000,ue1,-315.454,151.673,25.0,true
41.000,ue1,-315.497,151.655,25.0,true
42.000,ue1,-315.608,151.590,25.0,true
43.000,ue1,-315.642,151.615,25.0,true
44.000,ue1,-315.570,151.614,25.0,true
45.000,ue1,-315.554,151.624,25.0,true
46.000,ue1,-315.489,151.677,25.0,true
47.000,ue1,-315.473,151.617,25.0,true
48.000,ue1,-315.419,151.640,25.0,true
49.000,ue1,-315.345,151.638,25.0,true
50.000,ue1,-315.228,151.616,25.0,true
51.000,ue1,-315.132,151.623,25.0,true
52.000,ue1,-315.163,151.556,25.0,true
53.000,ue1,-315.172,151.641,25.0,true
54.000,ue1,-315.123,151.682,25.0,true
55.000,ue1,-315.266,151.725,25.0,true
56.000,ue1,-315.233,151.692,25.0,true
57.000,ue1,-315.270,151.692,25.0,true
58.000,ue1,-315.167,151.628,25.0,true
59.000,ue1,-315.192,151.710,25.0,true
60.000,ue1,-315.219,151.688,25.0,true
61.000,ue1,-315.213,151.614,25.0,true
62.000,ue1,-315.200,151.541,25.0,true
63.000,ue1,-315.147,151.541,25.0,true
64.000,ue1,-315.010,151.558,25.0,true
65.000,ue1,-314.928,151.480,25.0,true
0.000,ue2,-296.155,179.335,25.0,true
1.000,ue2,-296.162,179.354,25.0,true
2.000,ue2,-296.058,179.254,25.0,true
3.000,ue2,-295.998,179.289,25.0,true
4.000,ue2,-295.906,179.332,25.0,true
5.000,ue2,-295.903,179.300,25.0,true
6.000,ue2,-295.978,179.312,25.0,true
7.000,ue2,-295.989,179.433,25.0,true
8.000,ue2,-296.026,179.453,25.0,true
9.000,ue2,-296.120,179.429,25.0,true
10.000,ue2,-296.105,179.478,25.0,true
11.000,ue2,-296.018,179.476,25.0,true
12.000,ue2,-296.085,179.503,25.0,true
13.000,ue2,-296.054,179.533,25.0,true
14.000,ue2,-296.096,179.601,25.0,true
15.000,ue2,-296.090,179.643,25.0,true
16.000,ue2,-296.014,179.679,25.0,true
17.000,ue2,-295.997,179.808,25.0,true
18.000,ue2,-295.982,179.791,25.0,true
19.000,ue2,-295.975,179.880,25.0,true
20.000,ue2,-295.968,179.911,25.0,true
21.000,ue2,-295.897,179.880,25.0,true
22.000,ue2,-296.000,179.898,25.0,true
23.000,ue2,-295.986,179.861,25.0,true
24.000,ue2,-295.934,179.898,25.0,true
25.000,ue2,-295.994,179.929,25.0,true
26.000,ue2,-296.006,179.840,25.0,true
27.000,ue2,-295.978,179.837,25.0,true
28.000,ue2,-296.023,179.869,25.0,true
29.000,ue2,-295.994,179.834,25.0,true
30.000,ue2,-295.970,179.895,25.0,true
31.000,ue2,-296.013,179.918,25.0,true
32.000,ue2,-296.012,180.054,25.0,true
33.000,ue2,-296.124,180.095,25.0,true
34.000,ue2,-296.143,180.089,25.0,true
35.000,ue2,-296.028,180.089,25.0,true
36.000,ue2,-295.894,180.062,25.0,true
37.000,ue2,-295.873,180.033,25.0,true
38.000,ue2,-295.914,180.037,25.0,true
39.000,ue2,-295.931,180.049,25.0,true
40.000,ue2,-296.058,180.169,25.0,true
41.000,ue2,-296.068,180.274,25.0,true
42.000,ue2,-296.128,180.291,25.0,true
43.000,ue2,-295.938,180.239,25.0,true
44.000,ue2,-296.028,180.206,25.0,true
45.000,ue2,-296.000,180.248,25.0,true
46.000,ue2,-295.922,180.232,25.0,true
47.000,ue2,-296.018,180.206,25.0,true
48.000,ue2,-295.944,180.234,25.0,true
49.000,ue2,-296.061,180.232,25.0,true
50.000,ue2,-295.984,180.320,25.0,true
51.000,ue2,-295.955,180.315,25.0,true
52.000,ue2,-296.030,180.264,25.0,true
53.000,ue2,-296.027,180.294,25.0,true
54.000,ue2,-295.992,180.266,25.0,true
55.000,ue2,-296.061,180.219,25.0,true
56.000,ue2,-296.131,180.258,25.0,true
57.000,ue2,-296.269,180.238,25.0,true
58.000,ue2,-296.242,180.329,25.0,true
59.000,ue2,-296.234,180.332,25.0,true
60.000,ue2,-296.258,180.287,25.0,true
61.000,ue2,-296.291,180.326,25.0,true
62.000,ue2,-296.229,180.332,25.0,true
63.000,ue2,-296.030,180.327,25.0,true
64.000,ue2,-295.997,180.322,25.0,true
65.000,ue2,-296.027,180.327,25.0,true
0.000,ue3,-289.570,143.406,25.0,true
1.000,ue3,-289.480,143.322,25.0,true
2.000,ue3,-289.504,143.348,25.0,true
3.000,ue3,-289.457,143.267,25.0,true
4.000,ue3,-289.592,143.152,25.0,true
5.000,ue3,-289.596,143.146,25.0,true
6.000,ue3,-289.575,143.100,25.0,true
7.000,ue3,-289.649,142.979,25.0,true
8.000,ue3,-289.629,143.001,25.0,true
9.000,ue3,-289.570,143.048,25.0,true
10.000,ue3,-289.581,143.129,25.0,true
11.000,ue3,-289.589,143.090,25.0,true
12.000,ue3,-289.620,143.055,25.0,true
13.000,ue3,-289.750,143.064,25.0,true
14.000,ue3,-289.735,143.042,25.0,true
15.000,ue3,-289.778,143.065,25.0,true
16.000,ue3,-289.675,143.067,25.0,true
17.000,ue3,-289.706,143.031,25.0,true
18.000,ue3,-289.710,142.955,25.0,true
19.000,ue3,-289.717,142.959,25.0,true
20.000,ue3,-289.607,143.016,25.0,true
21.000,ue3,-289.545,142.973,25.0,true
22.000,ue3,-289.504,142.905,25.0,true
23.000,ue3,-289.486,142.930,25.0,true
24.000,ue3,-289.532,143.050,25.0,true
25.000,ue3,-289.498,142.935,25.0,true
26.000,ue3,-289.465,142.911,25.0,true
27.000,ue3,-289.464,142.939,25.0,true
28.000,ue3,-289.441,142.817,25.0,true
29.000,ue3,-289.511,142.863,25.0,true
30.000,ue3,-289.432,142.977,25.0,true
31.000,ue3,-289.324,142.854,25.0,true
32.000,ue3,-289.278,142.739,25.0,true
33.000,ue3,-289.181,142.754,25.0,true
34.000,ue3,-289.250,142.875,25.0,true
35.000,ue3,-289.211,142.761,25.0,true
36.000,ue3,-289.193,142.717,25.0,true
37.000,ue3,-289.187,142.689,25.0,true
38.000,ue3,-289.104,142.604,25.0,true
39.000,ue3,-289.085,142.713,25.0,true
40.000,ue3,-289.135,142.726,25.0,true
41.000,ue3,-289.123,142.684,25.0,true
42.000,ue3,-289.084,142.690,25.0,true
43.000,ue3,-289.141,142.796,25.0,true
44.000,ue3,-289.093,142.786,25.0,true
45.000,ue3,-289.131,142.739,25.0,true
46.000,ue3,-289.057,142.730,25.0,true
47.000,ue3,-289.030,142.719,25.0,true
48.000,ue3,-288.993,142.712,25.0,true
49.000,ue3,-288.947,142.701,25.0,true
50.000,ue3,-288.897,142.741,25.0,true
51.000,ue3,-288.904,142.690,25.0,true
52.000,ue3,-288.961,142.645,25.0,true
53.000,ue3,-289.020,142.697,25.0,true
54.000,ue3,-289.023,142.791,25.0,true
55.000,ue3,-288.886,142.793,25.0,true
56.000,ue3,-288.979,142.770,25.0,true
57.000,ue3,-288.983,142.681,25.0,true
58.000,ue3,-288.998,142.698,25.0,true
59.000,ue3,-289.026,142.652,25.0,true
60.000,ue3,-289.071,142.759,25.0,true
61.000,ue3,-289.081,142.709,25.0,true
62.000,ue3,-289.103,142.766,25.0,true
63.000,ue3,-289.144,142.795,25.0,true
64.000,ue3,-289.101,142.840,25.0,true
65.000,ue3,-289.017,142.807,25.0,true
0.000,ue4,-309.457,139.925,25.0,true
1.000,ue4,-309.389,139.877,25.0,true
2.000,ue4,-309.413,139.949,25.0,true
3.000,ue4,-309.363,139.949,25.0,true
4.000,ue4,-309.435,139.983,25.0,true
5.000,ue4,-309.473,139.928,25.0,true
6.000,ue4,-309.512,139.942,25.0,true
7.000,ue4,-309.639,139.964,25.0,true
8.000,ue4,-309.629,139.929,25.0,true
9.000,ue4,-309.566,139.966,25.0,true
10.000,ue4,-309.603,139.925,25.0,true
11.000,ue4,-309.561,139.834,25.0,true
12.000,ue4,-309.581,139.797,25.0,true
13.000,ue4,-309.577,139.809,25.0,true
14.000,ue4,-309.575,139.877,25.0,true
15.000,ue4,-309.561,139.858,25.0,true
16.000,ue4,-309.633,139.902,25.0,true
17.000,ue4,-309.602,139.989,25.0,true
18.000,ue4,-309.647,139.990,25.0,true
19.000,ue4,-309.650,139.985,25.0,true
20.000,ue4,-309.650,139.882,25.0,true
21.000,ue4,-309.600,139.921,25.0,true
22.000,ue4,-309.532,140.056,25.0,true
23.000,ue4,-309.551,140.054,25.0,true
24.000,ue4,-309.551,140.171,25.0,true
25.000,ue4,-309.655,140.200,25.0,true
26.000,ue4,-309.743,140.045,25.0,true
27.000,ue4,-309.864,139.962,25.0,true
28.000,ue4,-309.800,139.910,25.0,true
29.000,ue4,-309.814,139.840,25.0,true
30.000,ue4,-309.777,139.774,25.0,true
31.000,ue4,-309.698,139.715,25.0,true
32.000,ue4,-309.744,139.722,25.0,true
33.000,ue4,-309.742,139.807,25.0,true
34.000,ue4,-309.735,139.735,25.0,true
35.000,ue4,-309.769,139.701,25.0,true
36.000,ue4,-309.725,139.724,25.0,true
37.000,ue4,-309.732,139.776,25.0,true
38.000,ue4,-309.764,139.768,25.0,true
39.000,ue4,-309.753,139.859,25.0,true
40.000,ue4,-309.759,139.838,25.0,true
41.000,ue4,-309.822,139.879,25.0,true
42.000,ue4,-309.857,139.900,25.0,true
43.000,ue4,-309.971,139.963,25.0,true
44.000,ue4,-310.051,139.916,25.0,true
45.000,ue4,-309.988,139.836,25.0,true
46.000,ue4,-309.992,139.840,25.0,true
47.000,ue4,-310.052,139.921,25.0,true
48.000,ue4,-309.962,139.803,25.0,true
49.000,ue4,-310.049,139.851,25.0,true
50.000,ue4,-310.128,139.828,25.0,true
51.000,ue4,-310.120,139.869,25.0,true
52.000,ue4,-310.133,139.875,25.0,true
53.000,ue4,-310.180,139.953,25.0,true
54.000,ue4,-310.209,139.973,25.0,true
55.000,ue4,-310.240,139.979,25.0,true
56.000,ue4,-310.250,139.970,25.0,true
57.000,ue4,-310.311,140.017,25.0,true
58.000,ue4,-310.226,140.032,25.0,true
59.000,ue4,-310.182,140.082,25.0,true
60.000,ue4,-310.127,140.100,25.0,true
61.000,ue4,-310.114,140.152,25.0,true
62.000,ue4,-310.110,140.094,25.0,true
63.000,ue4,-310.108,139.981,25.0,true
64.000,ue4,-310.109,140.005,25.0,true
65.000,ue4,-310.035,140.014,25.0,true
0.000,ue5,-318.054,168.896,25.0,true
1.000,ue5,-317.998,168.896,25.0,true
2.000,ue5,-318.060,168.811,25.0,true
3.000,ue5,-318.118,168.729,25.0,true
4.000,ue5,-318.080,168.717,25.0,true
5.000,ue5,-318.046,168.721,25.0,true
6.000,ue5,-317.983,168.785,25.0,true
7.000,ue5,-318.022,168.768,25.0,true
8.000,ue5,-318.054,168.671,25.0,true
9.000,ue5,-318.013,168.742,25.0,true
10.000,ue5,-318.014,168.713,25.0,true
11.000,ue5,-317.948,168.572,25.0,true
12.000,ue5,-317.937,168.581,25.0,true
13.000,ue5,-317.972,168.664,25.0,true
14.000,ue5,-317.913,168.649,25.0,true
15.000,ue5,-317.919,168.625,25.0,true
16.000,ue5,-317.949,168.547,25.0,true
17.000,ue5,-317.867,168.609,25.0,true
18.000,ue5,-317.819,168.543,25.0,true
19.000,ue5,-317.694,168.662,25.0,true
20.000,ue5,-317.683,168.607,25.0,true
21.000,ue5,-317.735,168.633,25.0,true
22.000,ue5,-317.789,168.630,25.0,true
23.000,ue5,-317.724,168.540,25.0,true
24.000,ue5,-317.604,168.634,25.0,true
25.000,ue5,-317.678,168.549,25.0,true
26.000,ue5,-317.695,168.487,25.0,true
27.000,ue5,-317.711,168.332,25.0,true
28.000,ue5,-317.724,168.441,25.0,true
29.000,ue5,-317.791,168.424,25.0,true
30.000,ue5,-317.881,168.463,25.0,true
31.000,ue5,-317.894,168.579,25.0,true
32.000,ue5,-317.882,168.557,25.0,true
33.000,ue5,-317.849,168.526,25.0,true
34.000,ue5,-317.929,168.544,25.0,true
35.000,ue5,-317.940,168.554,25.0,true
36.000,ue5,-317.917,168.524,25.0,true
37.000,ue5,-317.892,168.628,25.0,true
38.000,ue5,-317.958,168.732,25.0,true
39.000,ue5,-317.973,168.686,25.0,true
40.000,ue5,-317.827,168.696,25.0,true
41.000,ue5,-317.745,168.745,25.0,true
42.000,ue5,-317.846,168.752,25.0,true
43.000,ue5,-317.878,168.671,25.0,true
44.000,ue5,-317.984,168.678,25.0,true
45.000,ue5,-317.948,168.701,25.0,true
46.000,ue5,-317.967,168.653,25.0,true
47.000,ue5,-318.026,168.620,25.0,true
48.000,ue5,-318.088,168.608,25.0,true
49.000,ue5,-318.089,168.554,25.0,true
50.000,ue5,-318.103,168.508,25.0,true
51.000,ue5,-318.103,168.539,25.0,true
52.000,ue5,-318.093,168.567,25.0,true
53.000,ue5,-318.192,168.544,25.0,true
54.000,ue5,-318.175,168.583,25.0,true
55.000,ue5,-318.271,168.592,25.0,true
56.000,ue5,-318.199,168.582,25.0,true
57.000,ue5,-318.205,168.609,25.0,true
58.000,ue5,-318.190,168.649,25.0,true
59.000,ue5,-318.185,168.658,25.0,true
60.000,ue5,-318.232,168.648,25.0,true
61.000,ue5,-318.157,168.636,25.0,true
62.000,ue5,-318.167,168.606,25.0,true
63.000,ue5,-318.120,168.555,25.0,true
64.000,ue5,-318.065,168.499,25.0,true
65.000,ue5,-318.129,168.511,25.0,true
0.000,ue6,-299.816,171.308,25.0,true
1.000,ue6,-299.808,171.326,25.0,true
2.000,ue6,-299.744,171.301,25.0,true
3.000,ue6,-299.718,171.247,25.0,true
4.000,ue6,-299.642,171.284,25.0,true
5.000,ue6,-299.610,171.296,25.0,true
6.000,ue6,-299.657,171.276,25.0,true
7.000,ue6,-299.627,171.275,25.0,true
8.000,ue6,-299.620,171.193,25.0,true
9.000,ue6,-299.609,171.152,25.0,true
10.000,ue6,-299.674,171.143,25.0,true
11.000,ue6,-299.785,171.184,25.0,true
12.000,ue6,-299.734,171.181,25.0,true
13.000,ue6,-299.794,171.125,25.0,true
14.000,ue6,-299.803,170.979,25.0,true
15.000,ue6,-299.792,171.019,25.0,true
16.000,ue6,-299.811,170.989,25.0,true
17.000,ue6,-299.800,171.010,25.0,true
18.000,ue6,-299.734,171.011,25.0,true
19.000,ue6,-299.776,170.984,25.0,true
20.000,ue6,-299.765,171.077,25.0,true
21.000,ue6,-299.784,171.014,25.0,true
22.000,ue6,-299.836,170.888,25.0,true
23.000,ue6,-299.816,170.807,25.0,true
24.000,ue6,-299.890,170.688,25.0,true
25.000,ue6,-299.957,170.722,25.0,true
26.000,ue6,-300.036,170.617,25.0,true
27.000,ue6,-300.025,170.597,25.0,true
28.000,ue6,-299.999,170.641,25.0,true
29.000,ue6,-300.000,170.563,25.0,true
30.000,ue6,-300.007,170.593,25.0,true
31.000,ue6,-300.042,170.507,25.0,true
32.000,ue6,-299.976,170.482,25.0,true
33.000,ue6,-300.001,170.483,25.0,true
34.000,ue6,-299.939,170.499,25.0,true
35.000,ue6,-299.959,170.540,25.0,true
36.000,ue6,-299.830,170.623,25.0,true
37.000,ue6,-299.790,170.556,25.0,true
38.000,ue6,-299.565,170.484,25.0,true
39.000,ue6,-299.587,170.442,25.0,true
40.000,ue6,-299.489,170.467,25.0,true
41.000,ue6,-299.575,170.483,25.0,true
42.000,ue6,-299.542,170.464,25.0,true
43.000,ue6,-299.615,170.420,25.0,true
44.000,ue6,-299.641,170.422,25.0,true
45.000,ue6,-299.673,170.466,25.0,true
46.000,ue6,-299.730,170.362,25.0,true
47.000,ue6,-299.774,170.443,25.0,true
48.000,ue6,-299.808,170.583,25.0,true
49.000,ue6,-299.779,170.514,25.0,true
50.000,ue6,-299.829,170.528,25.0,true
51.000,ue6,-299.900,170.671,25.0,true
52.000,ue6,-299.959,170.711,25.0,true
53.000,ue6,-299.871,170.705,25.0,true
54.000,ue6,-299.931,170.689,25.0,true
55.000,ue6,-299.910,170.741,25.0,true
56.000,ue6,-299.906,170.657,25.0,true
57.000,ue6,-299.904,170.617,25.0,true
58.000,ue6,-300.035,170.575,25.0,true
59.000,ue6,-300.121,170.610,25.0,true
60.000,ue6,-300.004,170.722,25.0,true
61.000,ue6,-300.038,170.694,25.0,true
62.000,ue6,-299.997,170.757,25.0,true
63.000,ue6,-300.022,170.749,25.0,true
64.000,ue6,-299.890,170.742,25.0,true
65.000,ue6,-299.919,170.749,25.0,true
0.000,ue7,-317.978,174.008,25.0,true
1.000,ue7,-317.943,173.947,25.0,true
2.000,ue7,-317.958,173.877,25.0,true
3.000,ue7,-317.975,173.989,25.0,true
4.000,ue7,-317.930,173.984,25.0,true
5.000,ue7,-317.986,173.965,25.0,true
6.000,ue7,-317.923,173.931,25.0,true
7.000,ue7,-317.836,173.849,25.0,true
8.000,ue7,-317.854,173.954,25.0,true
9.000,ue7,-317.974,174.025,25.0,true
10.000,ue7,-318.085,174.019,25.0,true
11.000,ue7,-318.096,174.069,25.0,true
12.000,ue7,-318.285,173.954,25.0,true
13.000,ue7,-318.319,173.956,25.0,true
14.000,ue7,-318.372,173.943,25.0,true
15.000,ue7,-318.444,173.919,25.0,true
16.000,ue7,-318.494,173.933,25.0,true
17.000,ue7,-318.459,174.019,25.0,true
18.000,ue7,-318.499,174.000,25.0,true
19.000,ue7,-318.496,173.983,25.0,true
20.000,ue7,-318.499,173.889,25.0,true
21.000,ue7,-318.477,173.834,25.0,true
22.000,ue7,-318.534,173.739,25.0,true
23.000,ue7,-318.465,173.730,25.0,true
24.000,ue7,-318.396,173.747,25.0,true
25.000,ue7,-318.498,173.682,25.0,true
26.000,ue7,-318.452,173.636,25.0,true
27.000,ue7,-318.518,173.625,25.0,true
28.000,ue7,-318.528,173.564,25.0,true
29.000,ue7,-318.548,173.535,25.0,true
30.000,ue7,-318.703,173.566,25.0,true
31.000,ue7,-318.752,173.644,25.0,true
32.000,ue7,-318.821,173.549,25.0,true
33.000,ue7,-318.750,173.454,25.0,true
34.000,ue7,-318.788,173.490,25.0,true
35.000,ue7,-318.780,173.411,25.0,true
36.000,ue7,-318.769,173.399,25.0,true
37.000,ue7,-318.692,173.435,25.0,true
38.000,ue7,-318.510,173.336,25.0,true
39.000,ue7,-318.511,173.272,25.0,true
40.000,ue7,-318.442,173.321,25.0,true
41.000,ue7,-318.397,173.274,25.0,true
42.000,ue7,-318.441,173.153,25.0,true
43.000,ue7,-318.339,173.183,25.0,true
44.000,ue7,-318.354,173.239,25.0,true
45.000,ue7,-318.309,173.298,25.0,true
46.000,ue7,-318.407,173.255,25.0,true
47.000,ue7,-318.395,173.276,25.0,true
48.000,ue7,-318.337,173.216,25.0,true
49.000,ue7,-318.330,173.348,25.0,true
50.000,ue7,-318.288,173.400,25.0,true
51.000,ue7,-318.289,173.446,25.0,true
52.000,ue7,-318.181,173.453,25.0,true
53.000,ue7,-318.108,173.400,25.0,true
54.000,ue7,-318.072,173.454,25.0,true
55.000,ue7,-318.118,173.520,25.0,true
56.000,ue7,-318.158,173.472,25.0,true
57.000,ue7,-318.158,173.588,25.0,true
58.000,ue7,-318.140,173.644,25.0,true
59.000,ue7,-318.183,173.649,25.0,true
60.000,ue7,-318.254,173.614,25.0,true
61.000,ue7,-318.204,173.612,25.0,true
62.000,ue7,-318.117,173.600,25.0,true
63.000,ue7,-318.129,173.677,25.0,true
64.000,ue7,-318.168,173.585,25.0,true
65.000,ue7,-318.090,173.610,25.0,true
0.000,ue8,-293.222,180.641,25.0,true
1.000,ue8,-293.352,180.644,25.0,true
2.000,ue8,-293.376,180.748,25.0,true
3.000,ue8,-293.420,180.714,25.0,true
4.000,ue8,-293.475,180.650,25.0,true
5.000,ue8,-293.517,180.564,25.0,true
6.000,ue8,-293.578,180.468,25.0,true
7.000,ue8,-293.668,180.374,25.0,true
8.000,ue8,-293.700,180.333,25.0,true
9.000,ue8,-293.773,180.362,25.0,true
10.000,ue8,-293.776,180.336,25.0,true
11.000,ue8,-293.804,180.431,25.0,true
12.000,ue8,-293.789,180.460,25.0,true
13.000,ue8,-293.945,180.421,25.0,true
14.000,ue8,-294.075,180.395,25.0,true
15.000,ue8,-294.052,180.355,25.0,true
16.000,ue8,-294.021,180.293,25.0,true
17.000,ue8,-293.987,180.200,25.0,true
18.000,ue8,-294.002,180.225,25.0,true
19.000,ue8,-293.970,180.218,25.0,true
20.000,ue8,-293.854,180.193,25.0,true
21.000,ue8,-293.881,180.027,25.0,true
22.000,ue8,-293.775,180.005,25.0,true
23.000,ue8,-293.845,180.084,25.0,true
24.000,ue8,-293.771,180.091,25.0,true
25.000,ue8,-293.857,180.116,25.0,true
26.000,ue8,-293.895,180.046,25.0,true
27.000,ue8,-293.832,179.918,25.0,true
28.000,ue8,-293.798,179.945,25.0,true
29.000,ue8,-293.675,179.965,25.0,true
30.000,ue8,-293.799,179.915,25.0,true
31.000,ue8,-293.795,179.936,25.0,true
32.000,ue8,-293.736,179.818,25.0,true
33.000,ue8,-293.756,179.877,25.0,true
34.000,ue8,-293.663,179.988,25.0,true
35.000,ue8,-293.686,180.054,25.0,true
36.000,ue8,-293.584,180.126,25.0,true
37.000,ue8,-293.540,180.176,25.0,true
38.000,ue8,-293.588,180.089,25.0,true
39.000,ue8,-293.529,180.068,25.0,true
40.000,ue8,-293.530,180.033,25.0,true
41.000,ue8,-293.554,180.047,25.0,true
42.000,ue8,-293.615,180.051,25.0,true
43.000,ue8,-293.600,180.047,25.0,true
44.000,ue8,-293.645,180.094,25.0,true
45.000,ue8,-293.533,180.058,25.0,true
46.000,ue8,-293.459,180.111,25.0,true
47.000,ue8,-293.618,180.066,25.0,true
48.000,ue8,-293.656,180.113,25.0,true
49.000,ue8,-293.645,180.141,25.0,true
50.000,ue8,-293.607,180.087,25.0,true
51.000,ue8,-293.651,180.014,25.0,true
52.000,ue8,-293.662,180.007,25.0,true
53.000,ue8,-293.651,179.963,25.0,true
54.000,ue8,-293.597,180.018,25.0,true
55.000,ue8,-293.504,180.061,25.0,true
56.000,ue8,-293.493,180.101,25.0,true
57.000,ue8,-293.456,180.062,25.0,true
58.000,ue8,-293.379,180.165,25.0,true
59.000,ue8,-293.260,180.167,25.0,true
60.000,ue8,-293.241,180.192,25.0,true
61.000,ue8,-293.241,180.229,25.0,true
62.000,ue8,-293.248,180.218,25.0,true
63.000,ue8,-293.143,180.227,25.0,true
64.000,ue8,-293.139,180.280,25.0,true
65.000,ue8,-293.130,180.298,25.0,true
0.000,ue9,-312.911,147.582,25.0,true
1.000,ue9,-312.915,147.509,25.0,true
2.000,ue9,-312.917,147.441,25.0,true
3.000,ue9,-312.904,147.370,25.0,true
4.000,ue9,-312.849,147.415,25.0,true
5.000,ue9,-312.832,147.409,25.0,true
6.000,ue9,-312.807,147.291,25.0,true
7.000,ue9,-312.873,147.282,25.0,true
8.000,ue9,-312.852,147.277,25.0,true
9.000,ue9,-312.913,147.285,25.0,true
10.000,ue9,-312.940,147.221,25.0,true
11.000,ue9,-312.920,147.208,25.0,true
12.000,ue9,-312.848,147.248,25.0,true
13.000,ue9,-312.804,147.268,25.0,true
14.000,ue9,-312.855,147.211,25.0,true
15.000,ue9,-312.943,147.384,25.0,true
16.000,ue9,-313.008,147.372,25.0,true
17.000,ue9,-313.030,147.355,25.0,true
18.000,ue9,-313.065,147.243,25.0,true
19.000,ue9,-313.125,147.159,25.0,true
20.000,ue9,-313.132,147.118,25.0,true
21.000,ue9,-313.173,147.131,25.0,true
22.000,ue9,-313.208,147.187,25.0,true
23.000,ue9,-313.231,147.201,25.0,true
24.000,ue9,-313.311,147.240,25.0,true
25.000,ue9,-313.335,147.264,25.0,true
26.000,ue9,-313.316,147.254,25.0,true
27.000,ue9,-313.302,147.231,25.0,true
28.000,ue9,-313.222,147.287,25.0,true
29.000,ue9,-313.193,147.216,25.0,true
30.000,ue9,-313.259,147.176,25.0,true
31.000,ue9,-313.273,147.203,25.0,true
32.000,ue9,-313.327,147.274,25.0,true
33.000,ue9,-313.327,147.153,25.0,true
34.000,ue9,-313.356,146.998,25.0,true
35.000,ue9,-313.401,146.965,25.0,true
36.000,ue9,-313.437,146.945,25.0,true
37.000,ue9,-313.461,146.910,25.0,true
38.000,ue9,-313.371,146.983,25.0,true
39.000,ue9,-313.439,147.058,25.0,true
40.000,ue9,-313.537,147.009,25.0,true
41.000,ue9,-313.445,146.875,25.0,true
42.000,ue9,-313.411,146.800,25.0,true
43.000,ue9,-313.419,146.789,25.0,true
44.000,ue9,-313.317,146.740,25.0,true
45.000,ue9,-313.321,146.778,25.0,true
46.000,ue9,-313.337,146.728,25.0,true
47.000,ue9,-313.340,146.734,25.0,true
48.000,ue9,-313.287,146.677,25.0,true
49.000,ue9,-313.314,146.697,25.0,true
50.000,ue9,-313.324,146.686,25.0,true
51.000,ue9,-313.315,146.667,25.0,true
52.000,ue9,-313.363,146.694,25.0,true
53.000,ue9,-313.429,146.764,25.0,true
54.000,ue9,-313.402,146.711,25.0,true
55.000,ue9,-313.385,146.721,25.0,true
56.000,ue9,-313.339,146.790,25.0,true
57.000,ue9,-313.361,146.748,25.0,true
58.000,ue9,-313.390,146.704,25.0,true
59.000,ue9,-313.430,146.727,25.0,true
60.000,ue9,-313.417,146.719,25.0,true
61.000,ue9,-313.458,146.745,25.0,true
62.000,ue9,-313.451,146.740,25.0,true
63.000,ue9,-313.450,146.740,25.0,true
64.000,ue9,-313.515,146.790,25.0,true
65.000,ue9,-313.464,146.792,25.0,true
0.000,ue10,-286.819,158.615,25.0,true
1.000,ue10,-286.811,158.647,25.0,true
2.000,ue10,-286.813,158.700,25.0,true
3.000,ue10,-286.714,158.705,25.0,true
4.000,ue10,-286.687,158.757,25.0,true
5.000,ue10,-286.707,158.690,25.0,true
6.000,ue10,-286.653,158.596,25.0,true
7.000,ue10,-286.546,158.648,25.0,true
8.000,ue10,-286.535,158.651,25.0,true
9.000,ue10,-286.429,158.594,25.0,true
10.000,ue10,-286.499,158.558,25.0,true
11.000,ue10,-286.515,158.498,25.0,true
12.000,ue10,-286.506,158.506,25.0,true
13.000,ue10,-286.554,158.602,25.0,true
14.000,ue10,-286.638,158.526,25.0,true
15.000,ue10,-286.615,158.513,25.0,true
16.000,ue10,-286.590,158.476,25.0,true
17.000,ue10,-286.652,158.437,25.0,true
18.000,ue10,-286.693,158.469,25.0,true
19.000,ue10,-286.722,158.514,25.0,true
20.000,ue10,-286.687,158.577,25.0,true
21.000,ue10,-286.633,158.624,25.0,true
22.000,ue10,-286.587,158.593,25.0,true
23.000,ue10,-286.602,158.483,25.0,true
24.000,ue10,-286.585,158.443,25.0,true
25.000,ue10,-286.561,158.474,25.0,true
26.000,ue10,-286.642,158.413,25.0,true
27.000,ue10,-286.663,158.382,25.0,true
28.000,ue10,-286.653,158.313,25.0,true
29.000,ue10,-286.650,158.212,25.0,true
30.000,ue10,-286.779,158.255,25.0,true
31.000,ue10,-286.858,158.221,25.0,true
32.000,ue10,-286.943,158.137,25.0,true
33.000,ue10,-286.967,158.112,25.0,true
34.000,ue10,-286.908,158.139,25.0,true
35.000,ue10,-286.923,158.184,25.0,true
36.000,ue10,-286.856,158.209,25.0,true
37.000,ue10,-286.881,158.270,25.0,true
38.000,ue10,-286.775,158.310,25.0,true
39.000,ue10,-286.668,158.365,25.0,true
40.000,ue10,-286.617,158.300,25.0,true
41.000,ue10,-286.684,158.297,25.0,true
42.000,ue10,-286.784,158.262,25.0,true
43.000,ue10,-286.732,158.222,25.0,true
44.000,ue10,-286.700,158.141,25.0,true
45.000,ue10,-286.730,158.202,25.0,true
46.000,ue10,-286.717,158.219,25.0,true
47.000,ue10,-286.615,158.297,25.0,true
48.000,ue10,-286.668,158.376,25.0,true
49.000,ue10,-286.705,158.375,25.0,true
50.000,ue10,-286.704,158.440,25.0,true
51.000,ue10,-286.771,158.467,25.0,true
52.000,ue10,-286.740,158.515,25.0,true
53.000,ue10,-286.753,158.576,25.0,true
54.000,ue10,-286.795,158.644,25.0,true
55.000,ue10,-286.774,158.560,25.0,true
56.000,ue10,-286.750,158.571,25.0,true
57.000,ue10,-286.771,158.527,25.0,true
58.000,ue10,-286.785,158.440,25.0,true
59.000,ue10,-286.684,158.373,25.0,true
60.000,ue10,-286.724,158.441,25.0,true
61.000,ue10,-286.689,158.485,25.0,true
62.000,ue10,-286.598,158.466,25.0,true
63.000,ue10,-286.660,158.517,25.0,true
64.000,ue10,-286.613,158.497,25.0,true
65.000,ue10,-286.689,158.571,25.0,true
0.000,ue11,-291.459,174.889,25.0,true
1.000,ue11,-291.424,174.807,25.0,true
2.000,ue11,-291.378,174.720,25.0,true
3.000,ue11,-291.407,174.653,25.0,true
4.000,ue11,-291.445,174.603,25.0,true
5.000,ue11,-291.482,174.646,25.0,true
6.000,ue11,-291.464,174.684,25.0,true
7.000,ue11,-291.398,174.662,25.0,true
8.000,ue11,-291.394,174.694,25.0,true
9.000,ue11,-291.291,174.748,25.0,true
10.000,ue11,-291.208,174.809,25.0,true
11.000,ue11,-291.145,174.702,25.0,true
12.000,ue11,-291.092,174.715,25.0,true
13.000,ue11,-291.089,174.683,25.0,true
14.000,ue11,-291.114,174.708,25.0,true
15.000,ue11,-291.064,174.618,25.0,true
16.000,ue11,-291.051,174.584,25.0,true
17.000,ue11,-291.108,174.608,25.0,true
18.000,ue11,-291.128,174.568,25.0,true
19.000,ue11,-291.174,174.585,25.0,true
20.000,ue11,-291.174,174.520,25.0,true
21.000,ue11,-291.225,174.509,25.0,true
22.000,ue11,-291.201,174.446,25.0,true
23.000,ue11,-291.171,174.396,25.0,true
24.000,ue11,-291.008,174.340,25.0,true
25.000,ue11,-291.055,174.352,25.0,true
26.000,ue11,-291.109,174.401,25.0,true
27.000,ue11,-291.001,174.378,25.0,true
28.000,ue11,-290.991,174.347,25.0,true
29.000,ue11,-290.991,174.433,25.0,true
30.000,ue11,-290.937,174.379,25.0,true
31.000,ue11,-290.844,174.448,25.0,true
32.000,ue11,-290.815,174.409,25.0,true
33.000,ue11,-290.811,174.361,25.0,true
34.000,ue11,-290.783,174.342,25.0,true
35.000,ue11,-290.917,174.398,25.0,true
36.000,ue11,-290.906,174.462,25.0,true
37.000,ue11,-290.914,174.474,25.0,true
38.000,ue11,-290.847,174.497,25.0,true
39.000,ue11,-290.830,174.690,25.0,true
40.000,ue11,-290.840,174.700,25.0,true
41.000,ue11,-290.736,174.652,25.0,true
42.000,ue11,-290.798,174.566,25.0,true
43.000,ue11,-290.766,174.603,25.0,true
44.000,ue11,-290.722,174.522,25.0,true
45.000,ue11,-290.661,174.594,25.0,true
46.000,ue11,-290.667,174.596,25.0,true
47.000,ue11,-290.627,174.618,25.0,true
48.000,ue11,-290.588,174.553,25.0,true
49.000,ue11,-290.599,174.480,25.0,true
50.000,ue11,-290.561,174.512,25.0,true
51.000,ue11,-290.567,174.530,25.0,true
52.000,ue11,-290.660,174.581,25.0,true
53.000,ue11,-290.688,174.589,25.0,true
54.000,ue11,-290.621,174.543,25.0,true
55.000,ue11,-290.549,174.551,25.0,true
56.000,ue11,-290.548,174.584,25.0,true
57.000,ue11,-290.622,174.620,25.0,true
58.000,ue11,-290.619,174.682,25.0,true
59.000,ue11,-290.632,174.660,25.0,true
60.000,ue11,-290.610,174.657,25.0,true
61.000,ue11,-290.680,174.645,25.0,true
62.000,ue11,-290.604,174.639,25.0,true
63.000,ue11,-290.656,174.682,25.0,true
64.000,ue11,-290.767,174.555,25.0,true
65.000,ue11,-290.768,174.566,25.0,true
0.000,ue12,-293.167,182.565,25.0,true
1.000,ue12,-293.154,182.511,25.0,true
2.000,ue12,-293.163,182.428,25.0,true
3.000,ue12,-293.150,182.331,25.0,true
4.000,ue12,-293.159,182.346,25.0,true
5.000,ue12,-293.264,182.315,25.0,true
6.000,ue12,-293.217,182.408,25.0,true
7.000,ue12,-293.307,182.428,25.0,true
8.000,ue12,-293.381,182.348,25.0,true
9.000,ue12,-293.285,182.388,25.0,true
10.000,ue12,-293.334,182.401,25.0,true
11.000,ue12,-293.295,182.412,25.0,true
12.000,ue12,-293.160,182.448,25.0,true
13.000,ue12,-293.340,182.431,25.0,true
14.000,ue12,-293.384,182.418,25.0,true
15.000,ue12,-293.383,182.379,25.0,true
16.000,ue12,-293.448,182.461,25.0,true
17.000,ue12,-293.412,182.421,25.0,true
18.000,ue12,-293.372,182.461,25.0,true
19.000,ue12,-293.296,182.398,25.0,true
20.000,ue12,-293.249,182.362,25.0,true
21.000,ue12,-293.180,182.350,25.0,true
22.000,ue12,-293.316,182.352,25.0,true
23.000,ue12,-293.423,182.339,25.0,true
24.000,ue12,-293.426,182.315,25.0,true
25.000,ue12,-293.516,182.248,25.0,true
26.000,ue12,-293.566,182.233,25.0,true
27.000,ue12,-293.489,182.276,25.0,true
28.000,ue12,-293.517,182.352,25.0,true
29.000,ue12,-293.599,182.393,25.0,true
30.000,ue12,-293.610,182.407,25.0,true
31.000,ue12,-293.572,182.367,25.0,true
32.000,ue12,-293.524,182.366,25.0,true
33.000,ue12,-293.379,182.348,25.0,true
34.000,ue12,-293.303,182.387,25.0,true
35.000,ue12,-293.373,182.468,25.0,true
36.000,ue12,-293.437,182.334,25.0,true
37.000,ue12,-293.386,182.399,25.0,true
38.000,ue12,-293.382,182.383,25.0,true
39.000,ue12,-293.287,182.426,25.0,true
40.000,ue12,-293.327,182.469,25.0,true
41.000,ue12,-293.401,182.436,25.0,true
42.000,ue12,-293.464,182.304,25.0,true
43.000,ue12,-293.535,182.377,25.0,true
44.000,ue12,-293.601,182.344,25.0,true
45.000,ue12,-293.671,182.396,25.0,true
46.000,ue12,-293.670,182.426,25.0,true
47.000,ue12,-293.677,182.355,25.0,true
48.000,ue12,-293.735,182.406,25.0,true
49.000,ue12,-293.739,182.452,25.0,true
50.000,ue12,-293.928,182.519,25.0,true
51.000,ue12,-293.958,182.649,25.0,true
52.000,ue12,-293.989,182.651,25.0,true
53.000,ue12,-293.949,182.598,25.0,true
54.000,ue12,-293.897,182.560,25.0,true
55.000,ue12,-293.819,182.607,25.0,true
56.000,ue12,-293.790,182.564,25.0,true
57.000,ue12,-293.802,182.582,25.0,true
58.000,ue12,-293.924,182.549,25.0,true
59.000,ue12,-293.868,182.472,25.0,true
60.000,ue12,-293.791,182.435,25.0,true
61.000,ue12,-293.772,182.366,25.0,true
62.000,ue12,-293.743,182.394,25.0,true
63.000,ue12,-293.675,182.475,25.0,true
64.000,ue12,-293.599,182.487,25.0,true
65.000,ue12,-293.673,182.567,25.0,true
0.000,ue13,-311.292,171.740,25.0,true
1.000,ue13,-311.370,171.714,25.0,true
2.000,ue13,-311.326,171.740,25.0,true
3.000,ue13,-311.230,171.740,25.0,true
4.000,ue13,-311.332,171.724,25.0,true
5.000,ue13,-311.321,171.702,25.0,true
6.000,ue13,-311.237,171.688,25.0,true
7.000,ue13,-311.323,171.716,25.0,true
8.000,ue13,-311.392,171.818,25.0,true
9.000,ue13,-311.375,171.733,25.0,true
10.000,ue13,-311.311,171.876,25.0,true
11.000,ue13,-311.431,171.930,25.0,true
12.000,ue13,-311.402,171.940,25.0,true
13.000,ue13,-311.381,171.970,25.0,true
14.000,ue13,-311.423,172.054,25.0,true
15.000,ue13,-311.504,172.172,25.0,true
16.000,ue13,-311.412,172.101,25.0,true
17.000,ue13,-311.413,172.186,25.0,true
18.000,ue13,-311.442,172.176,25.0,true
19.000,ue13,-311.466,172.246,25.0,true
20.000,ue13,-311.503,172.246,25.0,true
21.000,ue13,-311.470,172.233,25.0,true
22.000,ue13,-311.522,172.153,25.0,true
23.000,ue13,-311.613,172.082,25.0,true
24.000,ue13,-311.716,172.038,25.0,true
25.000,ue13,-311.698,172.042,25.0,true
26.000,ue13,-311.748,171.981,25.0,true
27.000,ue13,-311.808,171.897,25.0,true
28.000,ue13,-311.882,171.940,25.0,true
29.000,ue13,-311.966,171.941,25.0,true
30.000,ue13,-312.003,172.087,25.0,true
31.000,ue13,-312.111,172.098,25.0,true
32.000,ue13,-312.131,172.052,25.0,true
33.000,ue13,-312.112,172.062,25.0,true
34.000,ue13,-312.176,172.087,25.0,true
35.000,ue13,-312.153,172.166,25.0,true
36.000,ue13,-312.160,172.237,25.0,true
37.000,ue13,-312.172,172.118,25.0,true
38.000,ue13,-312.140,172.113,25.0,true
39.000,ue13,-312.193,172.169,25.0,true
40.000,ue13,-312.176,172.207,25.0,true
41.000,ue13,-312.159,172.239,25.0,true
42.000,ue13,-312.118,172.267,25.0,true
43.000,ue13,-312.128,172.288,25.0,true
44.000,ue13,-312.073,172.365,25.0,true
45.000,ue13,-312.039,172.405,25.0,true
46.000,ue13,-312.070,172.369,25.0,true
47.000,ue13,-312.064,172.299,25.0,true
48.000,ue13,-312.128,172.288,25.0,true
49.000,ue13,-312.124,172.295,25.0,true
50.000,ue13,-312.057,172.271,25.0,true
51.000,ue13,-312.016,172.262,25.0,true
52.000,ue13,-312.028,172.277,25.0,true
53.000,ue13,-312.138,172.273,25.0,true
54.000,ue13,-312.172,172.215,25.0,true
55.000,ue13,-312.204,172.151,25.0,true
56.000,ue13,-312.203,172.152,25.0,true
57.000,ue13,-312.217,172.051,25.0,true
58.000,ue13,-312.230,172.086,25.0,true
59.000,ue13,-312.239,172.060,25.0,true
60.000,ue13,-312.244,172.047,25.0,true
61.000,ue13,-312.253,172.017,25.0,true
62.000,ue13,-312.201,172.156,25.0,true
63.000,ue13,-312.214,172.128,25.0,true
64.000,ue13,-312.154,172.119,25.0,true
65.000,ue13,-312.139,172.066,25.0,true
0.000,ue14,-292.224,175.790,25.0,true
1.000,ue14,-292.131,175.752,25.0,true
2.000,ue14,-292.108,175.820,25.0,true
3.000,ue14,-292.126,175.820,25.0,true
4.000,ue14,-292.091,175.861,25.0,true
5.000,ue14,-292.157,175.872,25.0,true
6.000,ue14,-292.213,175.827,25.0,true
7.000,ue14,-292.252,175.900,25.0,true
8.000,ue14,-292.156,176.057,25.0,true
9.000,ue14,-292.160,176.006,25.0,true
10.000,ue14,-292.218,176.103,25.0,true
11.000,ue14,-292.310,176.084,25.0,true
12.000,ue14,-292.344,176.189,25.0,true
13.000,ue14,-292.405,176.255,25.0,true
14.000,ue14,-292.326,176.245,25.0,true
15.000,ue14,-292.298,176.152,25.0,true
16.000,ue14,-292.304,176.140,25.0,true
17.000,ue14,-292.458,176.164,25.0,true
18.000,ue14,-292.437,176.063,25.0,true
19.000,ue14,-292.522,176.018,25.0,true
20.000,ue14,-292.554,175.999,25.0,true
21.000,ue14,-292.611,175.939,25.0,true
22.000,ue14,-292.593,175.910,25.0,true
23.000,ue14,-292.599,175.897,25.0,true
24.000,ue14,-292.572,175.887,25.0,true
25.000,ue14,-292.520,175.894,25.0,true
26.000,ue14,-292.467,175.968,25.0,true
27.000,ue14,-292.554,176.024,25.0,true
28.000,ue14,-292.447,175.965,25.0,true
29.000,ue14,-292.449,175.944,25.0,true
30.000,ue14,-292.423,175.975,25.0,true
31.000,ue14,-292.463,176.054,25.0,true
32.000,ue14,-292.514,176.046,25.0,true
33.000,ue14,-292.453,176.163,25.0,true
34.000,ue14,-292.484,176.210,25.0,true
35.000,ue14,-292.470,176.115,25.0,true
36.000,ue14,-292.528,176.043,25.0,true
37.000,ue14,-292.558,176.018,25.0,true
38.000,ue14,-292.556,176.094,25.0,true
39.000,ue14,-292.531,176.253,25.0,true
40.000,ue14,-292.546,176.301,25.0,true
41.000,ue14,-292.521,176.391,25.0,true
42.000,ue14,-292.543,176.442,25.0,true
43.000,ue14,-292.446,176.399,25.0,true
44.000,ue14,-292.450,176.429,25.0,true
45.000,ue14,-292.476,176.376,25.0,true
46.000,ue14,-292.366,176.363,25.0,true
47.000,ue14,-292.262,176.332,25.0,true
48.000,ue14,-292.275,176.380,25.0,true
49.000,ue14,-292.287,176.326,25.0,true
50.000,ue14,-292.330,176.342,25.0,true
51.000,ue14,-292.370,176.348,25.0,true
52.000,ue14,-292.506,176.314,25.0,true
53.000,ue14,-292.516,176.283,25.0,true
54.000,ue14,-292.576,176.230,25.0,true
55.000,ue14,-292.572,176.320,25.0,true
56.000,ue14,-292.656,176.303,25.0,true
57.000,ue14,-292.597,176.323,25.0,true
58.000,ue14,-292.603,176.296,25.0,true
59.000,ue14,-292.602,176.290,25.0,true
60.000,ue14,-292.733,176.247,25.0,true
61.000,ue14,-292.850,176.324,25.0,true
62.000,ue14,-292.801,176.277,25.0,true
63.000,ue14,-292.752,176.424,25.0,true
64.000,ue14,-292.790,176.502,25.0,true
65.000,ue14,-292.768,176.488,25.0,true
0.000,ue15,-290.858,173.282,25.0,true
1.000,ue15,-290.924,173.249,25.0,true
2.000,ue15,-290.948,173.110,25.0,true
3.000,ue15,-290.916,173.090,25.0,true
4.000,ue15,-290.889,173.065,25.0,true
5.000,ue15,-290.709,172.966,25.0,true
6.000,ue15,-290.765,173.008,25.0,true
7.000,ue15,-290.623,172.949,25.0,true
8.000,ue15,-290.513,172.894,25.0,true
9.000,ue15,-290.436,172.898,25.0,true
10.000,ue15,-290.302,173.005,25.0,true
11.000,ue15,-290.341,173.181,25.0,true
12.000,ue15,-290.408,173.162,25.0,true
13.000,ue15,-290.300,173.118,25.0,true
14.000,ue15,-290.338,173.126,25.0,true
15.000,ue15,-290.311,173.149,25.0,true
16.000,ue15,-290.356,173.161,25.0,true
17.000,ue15,-290.318,173.251,25.0,true
18.000,ue15,-290.298,173.176,25.0,true
19.000,ue15,-290.296,173.139,25.0,true
20.000,ue15,-290.217,173.038,25.0,true
21.000,ue15,-290.184,172.974,25.0,true
22.000,ue15,-290.107,173.021,25.0,true
23.000,ue15,-290.094,173.051,25.0,true
24.000,ue15,-290.114,173.092,25.0,true
25.000,ue15,-290.117,173.135,25.0,true
26.000,ue15,-290.114,172.987,25.0,true
27.000,ue15,-290.145,173.078,25.0,true
28.000,ue15,-290.057,173.084,25.0,true
29.000,ue15,-290.065,173.064,25.0,true
30.000,ue15,-290.027,173.099,25.0,true
31.000,ue15,-290.086,173.138,25.0,true
32.000,ue15,-290.012,173.081,25.0,true
33.000,ue15,-290.023,173.109,25.0,true
34.000,ue15,-289.980,173.084,25.0,true
35.000,ue15,-290.012,173.056,25.0,true
36.000,ue15,-289.988,173.081,25.0,true
37.000,ue15,-289.990,173.000,25.0,true
38.000,ue15,-290.055,173.038,25.0,true
39.000,ue15,-290.128,173.051,25.0,true
40.000,ue15,-290.150,173.015,25.0,true
41.000,ue15,-290.148,173.116,25.0,true
42.000,ue15,-290.131,173.098,25.0,true
43.000,ue15,-290.219,173.129,25.0,true
44.000,ue15,-290.151,173.165,25.0,true
45.000,ue15,-290.081,173.194,25.0,true
46.000,ue15,-290.159,173.191,25.0,true
47.000,ue15,-290.128,173.234,25.0,true
48.000,ue15,-290.158,173.231,25.0,true
49.000,ue15,-290.136,173.307,25.0,true
50.000,ue15,-290.075,173.346,25.0,true
51.000,ue15,-290.051,173.284,25.0,true
52.000,ue15,-290.118,173.279,25.0,true
53.000,ue15,-290.055,173.302,25.0,true
54.000,ue15,-290.021,173.212,25.0,true
55.000,ue15,-290.109,173.279,25.0,true
56.000,ue15,-290.111,173.201,25.0,true
57.000,ue15,-290.058,173.216,25.0,true
58.000,ue15,-289.881,173.291,25.0,true
59.000,ue15,-289.860,173.282,25.0,true
60.000,ue15,-289.858,173.276,25.0,true
61.000,ue15,-289.944,173.332,25.0,true
62.000,ue15,-289.928,173.166,25.0,true
63.000,ue15,-289.966,173.117,25.0,true
64.000,ue15,-289.907,173.114,25.0,true
65.000,ue15,-289.889,173.036,25.0,true
0.000,ue16,-297.504,140.902,25.0,true
1.000,ue16,-297.569,140.966,25.0,true
2.000,ue16,-297.608,140.903,25.0,true
3.000,ue16,-297.639,140.857,25.0,true
4.000,ue16,-297.607,140.924,25.0,true
5.000,ue16,-297.702,140.907,25.0,true
6.000,ue16,-297.701,140.911,25.0,true
7.000,ue16,-297.651,140.919,25.0,true
8.000,ue16,-297.686,140.852,25.0,true
9.000,ue16,-297.796,140.830,25.0,true
10.000,ue16,-297.795,140.885,25.0,true
11.000,ue16,-297.818,141.024,25.0,true
12.000,ue16,-297.822,140.995,25.0,true
13.000,ue16,-297.799,140.937,25.0,true
14.000,ue16,-297.787,140.813,25.0,true
15.000,ue16,-297.746,140.817,25.0,true
16.000,ue16,-297.734,140.827,25.0,true
17.000,ue16,-297.810,140.773,25.0,true
18.000,ue16,-297.716,140.802,25.0,true
19.000,ue16,-297.752,140.828,25.0,true
20.000,ue16,-297.727,140.945,25.0,true
21.000,ue16,-297.661,140.970,25.0,true
22.000,ue16,-297.688,141.077,25.0,true
23.000,ue16,-297.694,141.024,25.0,true
24.000,ue16,-297.767,140.973,25.0,true
25.000,ue16,-297.789,141.019,25.0,true
26.000,ue16,-297.734,141.088,25.0,true
27.000,ue16,-297.725,141.138,25.0,true
28.000,ue16,-297.589,141.192,25.0,true
29.000,ue16,-297.493,141.102,25.0,true
30.000,ue16,-297.538,141.056,25.0,true
31.000,ue16,-297.698,141.061,25.0,true
32.000,ue16,-297.615,141.029,25.0,true
33.000,ue16,-297.603,140.977,25.0,true
34.000,ue16,-297.633,140.995,25.0,true
35.000,ue16,-297.704,141.065,25.0,true
36.000,ue16,-297.819,141.084,25.0,true
37.000,ue16,-297.849,141.174,25.0,true
38.000,ue16,-297.803,141.049,25.0,true
39.000,ue16,-297.949,140.989,25.0,true
40.000,ue16,-297.979,140.977,25.0,true
41.000,ue16,-297.977,141.018,25.0,true
42.000,ue16,-298.059,140.910,25.0,true
43.000,ue16,-298.044,140.888,25.0,true
44.000,ue16,-298.050,140.849,25.0,true
45.000,ue16,-298.060,140.939,25.0,true
46.000,ue16,-298.158,140.865,25.0,true
47.000,ue16,-298.119,140.959,25.0,true
48.000,ue16,-298.131,140.883,25.0,true
49.000,ue16,-298.252,140.899,25.0,true
50.000,ue16,-298.326,141.030,25.0,true
51.000,ue16,-298.186,141.043,25.0,true
52.000,ue16,-298.157,141.036,25.0,true
53.000,ue16,-298.088,141.036,25.0,true
54.000,ue16,-298.085,141.118,25.0,true
55.000,ue16,-298.047,141.245,25.0,true
56.000,ue16,-298.145,141.212,25.0,true
57.000,ue16,-298.199,141.263,25.0,true
58.000,ue16,-298.229,141.299,25.0,true
59.000,ue16,-298.299,141.293,25.0,true
60.000,ue16,-298.161,141.391,25.0,true
61.000,ue16,-298.274,141.413,25.0,true
62.000,ue16,-298.225,141.384,25.0,true
63.000,ue16,-298.291,141.423,25.0,true
64.000,ue16,-298.285,141.456,25.0,true
65.000,ue16,-298.255,141.562,25.0,true
0.000,ue17,-317.662,155.740,25.0,true
1.000,ue17,-317.717,155.710,25.0,true
2.000,ue17,-317.686,155.754,25.0,true
3.000,ue17,-317.769,155.832,25.0,true
4.000,ue17,-317.856,155.832,25.0,true
5.000,ue17,-317.875,155.790,25.0,true
6.000,ue17,-317.807,155.649,25.0,true
7.000,ue17,-317.850,155.595,25.0,true
8.000,ue17,-317.798,155.688,25.0,true
9.000,ue17,-317.751,155.772,25.0,true
10.000,ue17,-317.885,155.781,25.0,true
11.000,ue17,-317.968,155.759,25.0,true
12.000,ue17,-317.953,155.765,25.0,true
13.000,ue17,-317.871,155.646,25.0,true
14.000,ue17,-317.921,155.557,25.0,true
15.000,ue17,-318.019,155.617,25.0,true
16.000,ue17,-318.008,155.711,25.0,true
17.000,ue17,-317.937,155.715,25.0,true
18.000,ue17,-317.995,155.774,25.0,true
19.000,ue17,-318.037,155.702,25.0,true
20.000,ue17,-318.106,155.710,25.0,true
21.000,ue17,-318.030,155.713,25.0,true
22.000,ue17,-317.956,155.718,25.0,true
23.000,ue17,-317.982,155.882,25.0,true
24.000,ue17,-317.873,155.894,25.0,true
25.000,ue17,-317.923,155.797,25.0,true
26.000,ue17,-317.899,155.782,25.0,true
27.000,ue17,-317.870,155.801,25.0,true
28.000,ue17,-317.844,155.870,25.0,true
29.000,ue17,-317.825,155.826,25.0,true
30.000,ue17,-317.872,155.861,25.0,true
31.000,ue17,-317.936,155.904,25.0,true
32.000,ue17,-317.893,155.902,25.0,true
33.000,ue17,-317.940,155.795,25.0,true
34.000,ue17,-318.007,155.697,25.0,true
35.000,ue17,-318.006,155.671,25.0,true
36.000,ue17,-318.061,155.723,25.0,true
37.000,ue17,-318.053,155.726,25.0,true
38.000,ue17,-318.020,155.788,25.0,true
39.000,ue17,-318.116,155.831,25.0,true
40.000,ue17,-318.225,155.783,25.0,true
41.000,ue17,-318.164,155.825,25.0,true
42.000,ue17,-318.124,155.835,25.0,true
43.000,ue17,-318.039,155.743,25.0,true
44.000,ue17,-318.057,155.746,25.0,true
45.000,ue17,-317.935,155.807,25.0,true
46.000,ue17,-317.873,155.762,25.0,true
47.000,ue17,-317.738,155.790,25.0,true
48.000,ue17,-317.798,155.931,25.0,true
49.000,ue17,-317.884,155.879,25.0,true
50.000,ue17,-317.898,155.820,25.0,true
51.000,ue17,-317.866,155.836,25.0,true
52.000,ue17,-317.860,155.950,25.0,true
53.000,ue17,-317.958,156.032,25.0,true
54.000,ue17,-318.007,156.120,25.0,true
55.000,ue17,-317.893,156.258,25.0,true
56.000,ue17,-317.904,156.188,25.0,true
57.000,ue17,-317.885,156.185,25.0,true
58.000,ue17,-317.990,156.229,25.0,true
59.000,ue17,-318.046,156.316,25.0,true
60.000,ue17,-317.988,156.299,25.0,true
61.000,ue17,-317.986,156.284,25.0,true
62.000,ue17,-318.013,156.470,25.0,true
63.000,ue17,-318.069,156.473,25.0,true
64.000,ue17,-318.010,156.450,25.0,true
65.000,ue17,-318.048,156.371,25.0,true
0.000,ue18,-300.417,160.336,25.0,true
1.000,ue18,-300.345,160.379,25.0,true
2.000,ue18,-300.317,160.288,25.0,true
3.000,ue18,-300.287,160.305,25.0,true
4.000,ue18,-300.307,160.223,25.0,true
5.000,ue18,-300.311,160.170,25.0,true
6.000,ue18,-300.306,160.174,25.0,true
7.000,ue18,-300.326,160.227,25.0,true
8.000,ue18,-300.330,160.259,25.0,true
9.000,ue18,-300.305,160.319,25.0,true
10.000,ue18,-300.363,160.299,25.0,true
11.000,ue18,-300.308,160.308,25.0,true
12.000,ue18,-300.240,160.353,25.0,true
13.000,ue18,-300.267,160.405,25.0,true
14.000,ue18,-300.282,160.463,25.0,true
15.000,ue18,-300.171,160.528,25.0,true
16.000,ue18,-300.034,160.435,25.0,true
17.000,ue18,-300.067,160.419,25.0,true
18.000,ue18,-300.091,160.442,25.0,true
19.000,ue18,-300.113,160.508,25.0,true
20.000,ue18,-300.054,160.533,25.0,true
21.000,ue18,-300.114,160.566,25.0,true
22.000,ue18,-300.074,160.587,25.0,true
23.000,ue18,-300.072,160.671,25.0,true
24.000,ue18,-300.105,160.649,25.0,true
25.000,ue18,-300.065,160.681,25.0,true
26.000,ue18,-300.014,160.664,25.0,true
27.000,ue18,-300.093,160.589,25.0,true
28.000,ue18,-300.119,160.637,25.0,true
29.000,ue18,-300.071,160.528,25.0,true
30.000,ue18,-300.039,160.523,25.0,true
31.000,ue18,-300.102,160.654,25.0,true
32.000,ue18,-300.086,160.704,25.0,true
33.000,ue18,-299.932,160.669,25.0,true
34.000,ue18,-299.955,160.758,25.0,true
35.000,ue18,-300.034,160.763,25.0,true
36.000,ue18,-300.031,160.821,25.0,true
37.000,ue18,-300.007,160.766,25.0,true
38.000,ue18,-299.948,160.817,25.0,true
39.000,ue18,-300.012,160.776,25.0,true
40.000,ue18,-300.043,160.707,25.0,true
41.000,ue18,-299.979,160.687,25.0,true
42.000,ue18,-299.996,160.625,25.0,true
43.000,ue18,-300.020,160.714,25.0,true
44.000,ue18,-299.975,160.617,25.0,true
45.000,ue18,-300.034,160.655,25.0,true
46.000,ue18,-300.064,160.622,25.0,true
47.000,ue18,-300.116,160.542,25.0,true
48.000,ue18,-300.110,160.519,25.0,true
49.000,ue18,-300.041,160.515,25.0,true
50.000,ue18,-300.099,160.557,25.0,true
51.000,ue18,-300.019,160.513,25.0,true
52.000,ue18,-300.121,160.484,25.0,true
53.000,ue18,-300.202,160.583,25.0,true
54.000,ue18,-300.285,160.563,25.0,true
55.000,ue18,-300.197,160.615,25.0,true
56.000,ue18,-300.227,160.568,25.0,true
57.000,ue18,-300.238,160.554,25.0,true
58.000,ue18,-300.148,160.544,25.0,true
59.000,ue18,-300.229,160.604,25.0,true
60.000,ue18,-300.167,160.590,25.0,true
61.000,ue18,-300.121,160.593,25.0,true
62.000,ue18,-300.193,160.588,25.0,true
63.000,ue18,-300.262,160.550,25.0,true
64.000,ue18,-300.318,160.570,25.0,true
65.000,ue18,-300.307,160.491,25.0,true
0.000,ue19,-311.645,150.873,25.0,true
1.000,ue19,-311.700,150.873,25.0,true
2.000,ue19,-311.672,150.877,25.0,true
3.000,ue19,-311.805,150.954,25.0,true
4.000,ue19,-311.698,151.049,25.0,true
5.000,ue19,-311.666,151.090,25.0,true
6.000,ue19,-311.705,151.101,25.0,true
7.000,ue19,-311.773,151.108,25.0,true
8.000,ue19,-311.859,151.143,25.0,true
9.000,ue19,-311.880,151.189,25.0,true
10.000,ue19,-311.869,151.162,25.0,true
11.000,ue19,-311.818,151.092,25.0,true
12.000,ue19,-311.834,151.059,25.0,true
13.000,ue19,-311.790,151.055,25.0,true
14.000,ue19,-311.773,151.086,25.0,true
15.000,ue19,-311.914,151.031,25.0,true
16.000,ue19,-311.907,151.091,25.0,true
17.000,ue19,-311.873,151.170,25.0,true
18.000,ue19,-311.886,151.176,25.0,true
19.000,ue19,-311.916,151.150,25.0,true
20.000,ue19,-311.966,151.117,25.0,true
21.000,ue19,-311.977,151.078,25.0,true
22.000,ue19,-311.976,150.969,25.0,true
23.000,ue19,-311.950,150.980,25.0,true
24.000,ue19,-311.923,150.952,25.0,true
25.000,ue19,-311.954,151.011,25.0,true
26.000,ue19,-311.963,151.130,25.0,true
27.000,ue19,-312.047,151.115,25.0,true
28.000,ue19,-312.115,151.068,25.0,true
29.000,ue19,-312.163,151.039,25.0,true
30.000,ue19,-312.116,150.971,25.0,true
31.000,ue19,-312.079,150.884,25.0,true
32.000,ue19,-312.103,150.963,25.0,true
33.000,ue19,-312.076,150.980,25.0,true
34.000,ue19,-312.038,151.014,25.0,true
35.000,ue19,-312.000,151.098,25.0,true
36.000,ue19,-312.062,151.094,25.0,true
37.000,ue19,-312.024,151.139,25.0,true
38.000,ue19,-311.991,151.218,25.0,true
39.000,ue19,-312.021,151.137,25.0,true
40.000,ue19,-311.944,151.137,25.0,true
41.000,ue19,-311.977,151.139,25.0,true
42.000,ue19,-312.003,151.199,25.0,true
43.000,ue19,-311.950,151.218,25.0,true
44.000,ue19,-311.917,151.220,25.0,true
45.000,ue19,-311.856,151.078,25.0,true
46.000,ue19,-311.926,151.076,25.0,true
47.000,ue19,-311.951,151.019,25.0,true
48.000,ue19,-311.913,150.960,25.0,true
49.000,ue19,-311.900,150.967,25.0,true
50.000,ue19,-311.897,150.918,25.0,true
51.000,ue19,-311.909,150.991,25.0,true
52.000,ue19,-311.876,151.049,25.0,true
53.000,ue19,-311.881,150.947,25.0,true
54.000,ue19,-311.909,150.938,25.0,true
55.000,ue19,-311.831,151.006,25.0,true
56.000,ue19,-311.805,150.954,25.0,true
57.000,ue19,-311.797,150.939,25.0,true
58.000,ue19,-311.812,150.865,25.0,true
59.000,ue19,-311.784,150.863,25.0,true
60.000,ue19,-311.736,150.775,25.0,true
61.000,ue19,-311.804,150.994,25.0,true
62.000,ue19,-311.856,151.011,25.0,true
63.000,ue19,-311.830,150.952,25.0,true
64.000,ue19,-311.726,150.948,25.0,true
65.000,ue19,-311.718,151.058,25.0,true
0.000,ue20,-316.010,195.171,25.0,true
1.000,ue20,-316.057,195.142,25.0,true
2.000,ue20,-316.078,195.059,25.0,true
3.000,ue20,-316.062,195.088,25.0,true
4.000,ue20,-316.051,195.127,25.0,true
5.000,ue20,-315.999,195.147,25.0,true
6.000,ue20,-316.013,195.221,25.0,true
7.000,ue20,-316.055,195.304,25.0,true
8.000,ue20,-316.067,195.350,25.0,true
9.000,ue20,-315.957,195.214,25.0,true
10.000,ue20,-315.969,195.190,25.0,true
11.000,ue20,-315.866,195.166,25.0,true
12.000,ue20,-315.702,195.074,25.0,true
13.000,ue20,-315.681,195.051,25.0,true
14.000,ue20,-315.651,195.017,25.0,true
15.000,ue20,-315.678,194.908,25.0,true
16.000,ue20,-315.672,194.818,25.0,true
17.000,ue20,-315.750,194.823,25.0,true
18.000,ue20,-315.757,194.885,25.0,true
19.000,ue20,-315.839,194.910,25.0,true
20.000,ue20,-315.819,194.892,25.0,true
21.000,ue20,-315.868,194.887,25.0,true
22.000,ue20,-315.814,194.865,25.0,true
23.000,ue20,-315.764,194.848,25.0,true
24.000,ue20,-315.660,194.850,25.0,true
25.000,ue20,-315.671,194.753,25.0,true
26.000,ue20,-315.756,194.776,25.0,true
27.000,ue20,-315.770,194.793,25.0,true
28.000,ue20,-315.811,194.784,25.0,true
29.000,ue20,-315.848,194.802,25.0,true
30.000,ue20,-315.862,194.913,25.0,true
31.000,ue20,-315.903,194.981,25.0,true
32.000,ue20,-315.966,194.953,25.0,true
33.000,ue20,-316.017,195.028,25.0,true
34.000,ue20,-315.990,195.036,25.0,true
35.000,ue20,-315.976,194.971,25.0,true
36.000,ue20,-315.892,195.055,25.0,true
37.000,ue20,-315.894,195.056,25.0,true
38.000,ue20,-315.855,195.045,25.0,true
39.000,ue20,-315.867,195.015,25.0,true
40.000,ue20,-315.888,194.987,25.0,true
41.000,ue20,-315.844,194.967,25.0,true
42.000,ue20,-315.870,194.930,25.0,true
43.000,ue20,-315.960,195.023,25.0,true
44.000,ue20,-315.929,195.075,25.0,true
45.000,ue20,-315.961,195.163,25.0,true
46.000,ue20,-315.952,195.250,25.0,true
47.000,ue20,-315.953,195.247,25.0,true
48.000,ue20,-315.985,195.252,25.0,true
49.000,ue20,-315.971,195.341,25.0,true
50.000,ue20,-315.879,195.347,25.0,true
51.000,ue20,-315.806,195.184,25.0,true
52.000,ue20,-315.834,195.199,25.0,true
53.000,ue20,-315.781,195.224,25.0,true
54.000,ue20,-315.784,195.196,25.0,true
55.000,ue20,-315.832,195.310,25.0,true
56.000,ue20,-315.765,195.389,25.0,true
57.000,ue20,-315.764,195.357,25.0,true
58.000,ue20,-315.731,195.355,25.0,true
59.000,ue20,-315.739,195.354,25.0,true
60.000,ue20,-315.777,195.302,25.0,true
61.000,ue20,-315.791,195.218,25.0,true
62.000,ue20,-315.755,195.269,25.0,true
63.000,ue20,-315.802,195.159,25.0,true
64.000,ue20,-315.778,195.173,25.0,true
65.000,ue20,-315.777,195.093,25.0,true
0.000,ue21,-299.895,175.218,25.0,true
1.000,ue21,-300.010,175.321,25.0,true
2.000,ue21,-300.023,175.351,25.0,true
3.000,ue21,-300.027,175.376,25.0,true
4.000,ue21,-300.104,175.349,25.0,true
5.000,ue21,-300.185,175.284,25.0,true
6.000,ue21,-300.228,175.175,25.0,true
7.000,ue21,-300.256,175.133,25.0,true
8.000,ue21,-300.327,175.125,25.0,true
9.000,ue21,-300.327,175.075,25.0,true
10.000,ue21,-300.207,175.118,25.0,true
11.000,ue21,-300.139,175.098,25.0,true
12.000,ue21,-300.086,175.144,25.0,true
13.000,ue21,-300.147,175.103,25.0,true
14.000,ue21,-299.972,175.078,25.0,true
15.000,ue21,-299.943,175.065,25.0,true
16.000,ue21,-299.893,175.006,25.0,true
17.000,ue21,-299.953,175.074,25.0,true
18.000,ue21,-299.941,174.925,25.0,true
19.000,ue21,-299.940,174.914,25.0,true
20.000,ue21,-299.897,174.933,25.0,true
21.000,ue21,-299.877,174.939,25.0,true
22.000,ue21,-299.859,174.870,25.0,true
23.000,ue21,-299.908,174.818,25.0,true
24.000,ue21,-299.989,174.866,25.0,true
25.000,ue21,-299.924,174.903,25.0,true
26.000,ue21,-299.960,174.870,25.0,true
27.000,ue21,-299.986,174.937,25.0,true
28.000,ue21,-299.955,175.041,25.0,true
29.000,ue21,-300.013,175.028,25.0,true
30.000,ue21,-300.089,174.943,25.0,true
31.000,ue21,-300.098,174.923,25.0,true
32.000,ue21,-300.129,174.831,25.0,true
33.000,ue21,-300.117,174.814,25.0,true
34.000,ue21,-300.062,174.847,25.0,true
35.000,ue21,-300.141,174.870,25.0,true
36.000,ue21,-300.177,174.962,25.0,true
37.000,ue21,-300.178,174.932,25.0,true
38.000,ue21,-300.203,174.842,25.0,true
39.000,ue21,-300.126,174.969,25.0,true
40.000,ue21,-300.230,174.954,25.0,true
41.000,ue21,-300.237,174.918,25.0,true
42.000,ue21,-300.164,174.993,25.0,true
43.000,ue21,-300.178,175.118,25.0,true
44.000,ue21,-300.176,175.103,25.0,true
45.000,ue21,-300.160,175.058,25.0,true
46.000,ue21,-300.073,175.095,25.0,true
47.000,ue21,-300.094,175.084,25.0,true
48.000,ue21,-300.148,175.100,25.0,true
49.000,ue21,-300.226,175.100,25.0,true
50.000,ue21,-300.257,175.134,25.0,true
51.000,ue21,-300.194,175.181,25.0,true
52.000,ue21,-300.202,175.139,25.0,true
53.000,ue21,-300.220,175.138,25.0,true
54.000,ue21,-300.190,175.104,25.0,true
55.000,ue21,-300.248,175.114,25.0,true
56.000,ue21,-300.167,175.226,25.0,true
57.000,ue21,-300.119,175.167,25.0,true
58.000,ue21,-300.035,175.116,25.0,true
59.000,ue21,-300.081,175.142,25.0,true
60.000,ue21,-300.164,175.190,25.0,true
61.000,ue21,-300.167,175.214,25.0,true
62.000,ue21,-300.216,175.265,25.0,true
63.000,ue21,-300.186,175.243,25.0,true
64.000,ue21,-300.129,175.083,25.0,true
65.000,ue21,-300.107,175.077,25.0,true
0.000,ue22,-320.063,182.528,25.0,true
1.000,ue22,-320.111,182.539,25.0,true
2.000,ue22,-320.081,182.494,25.0,true
3.000,ue22,-320.088,182.492,25.0,true
4.000,ue22,-320.064,182.566,25.0,true
5.000,ue22,-320.092,182.645,25.0,true
6.000,ue22,-320.170,182.663,25.0,true
7.000,ue22,-320.274,182.667,25.0,true
8.000,ue22,-320.230,182.788,25.0,true
9.000,ue22,-320.227,182.743,25.0,true
10.000,ue22,-320.166,182.746,25.0,true
11.000,ue22,-320.160,182.801,25.0,true
12.000,ue22,-320.094,182.697,25.0,true
13.000,ue22,-320.091,182.696,25.0,true
14.000,ue22,-320.155,182.599,25.0,true
15.000,ue22,-320.159,182.571,25.0,true
16.000,ue22,-320.203,182.562,25.0,true
17.000,ue22,-320.224,182.564,25.0,true
18.000,ue22,-320.129,182.562,25.0,true
19.000,ue22,-320.016,182.636,25.0,true
20.000,ue22,-319.958,182.593,25.0,true
21.000,ue22,-319.976,182.537,25.0,true
22.000,ue22,-319.951,182.533,25.0,true
23.000,ue22,-319.925,182.552,25.0,true
24.000,ue22,-319.914,182.530,25.0,true
25.000,ue22,-319.973,182.504,25.0,true
26.000,ue22,-319.930,182.494,25.0,true
27.000,ue22,-319.933,182.546,25.0,true
28.000,ue22,-319.904,182.457,25.0,true
29.000,ue22,-319.909,182.405,25.0,true
30.000,ue22,-319.912,182.429,25.0,true
31.000,ue22,-319.882,182.528,25.0,true
32.000,ue22,-319.912,182.511,25.0,true
33.000,ue22,-319.877,182.568,25.0,true
34.000,ue22,-319.939,182.610,25.0,true
35.000,ue22,-319.899,182.601,25.0,true
36.000,ue22,-319.916,182.645,25.0,true
37.000,ue22,-319.890,182.669,25.0,true
38.000,ue22,-319.934,182.565,25.0,true
39.000,ue22,-319.940,182.549,25.0,true
40.000,ue22,-319.913,182.503,25.0,true
41.000,ue22,-319.874,182.528,25.0,true
42.000,ue22,-319.919,182.584,25.0,true
43.000,ue22,-319.939,182.543,25.0,true
44.000,ue22,-319.924,182.542,25.0,true
45.000,ue22,-319.979,182.579,25.0,true
46.000,ue22,-319.979,182.533,25.0,true
47.000,ue22,-320.084,182.559,25.0,true
48.000,ue22,-320.079,182.566,25.0,true
49.000,ue22,-319.996,182.417,25.0,true
50.000,ue22,-319.920,182.499,25.0,true
51.000,ue22,-319.979,182.559,25.0,true
52.000,ue22,-320.027,182.497,25.0,true
53.000,ue22,-320.033,182.607,25.0,true
54.000,ue22,-320.012,182.610,25.0,true
55.000,ue22,-319.959,182.572,25.0,true
56.000,ue22,-319.869,182.666,25.0,true
57.000,ue22,-319.843,182.619,25.0,true
58.000,ue22,-319.779,182.637,25.0,true
59.000,ue22,-319.740,182.705,25.0,true
60.000,ue22,-319.714,182.651,25.0,true
61.000,ue22,-319.624,182.668,25.0,true
62.000,ue22,-319.605,182.705,25.0,true
63.000,ue22,-319.586,182.749,25.0,true
64.000,ue22,-319.574,182.739,25.0,true
65.000,ue22,-319.607,182.708,25.0,true
0.000,ue23,-320.390,161.226,25.0,true
1.000,ue23,-320.407,161.285,25.0,true
2.000,ue23,-320.428,161.279,25.0,true
3.000,ue23,-320.434,161.311,25.0,true
4.000,ue23,-320.395,161.429,25.0,true
5.000,ue23,-320.478,161.416,25.0,true
6.000,ue23,-320.444,161.314,25.0,true
7.000,ue23,-320.339,161.307,25.0,true
8.000,ue23,-320.387,161.366,25.0,true
9.000,ue23,-320.519,161.378,25.0,true
10.000,ue23,-320.578,161.378,25.0,true
11.000,ue23,-320.556,161.425,25.0,true
12.000,ue23,-320.531,161.550,25.0,true
13.000,ue23,-320.528,161.530,25.0,true
14.000,ue23,-320.454,161.526,25.0,true
15.000,ue23,-320.429,161.290,25.0,true
16.000,ue23,-320.402,161.285,25.0,true
17.000,ue23,-320.428,161.246,25.0,true
18.000,ue23,-320.374,161.123,25.0,true
19.000,ue23,-320.185,161.192,25.0,true
20.000,ue23,-320.162,161.307,25.0,true
21.000,ue23,-320.146,161.253,25.0,true
22.000,ue23,-320.084,161.155,25.0,true
23.000,ue23,-320.048,161.227,25.0,true
24.000,ue23,-320.016,161.139,25.0,true
25.000,ue23,-320.004,161.132,25.0,true
26.000,ue23,-320.048,160.993,25.0,true
27.000,ue23,-320.120,160.963,25.0,true
28.000,ue23,-320.052,161.128,25.0,true
29.000,ue23,-320.001,161.081,25.0,true
30.000,ue23,-320.026,161.146,25.0,true
31.000,ue23,-319.989,161.170,25.0,true
32.000,ue23,-319.975,161.242,25.0,true
33.000,ue23,-319.841,161.242,25.0,true
34.000,ue23,-319.831,161.272,25.0,true
35.000,ue23,-319.859,161.141,25.0,true
36.000,ue23,-319.829,161.097,25.0,true
37.000,ue23,-319.750,161.108,25.0,true
38.000,ue23,-319.660,161.056,25.0,true
39.000,ue23,-319.592,160.958,25.0,true
40.000,ue23,-319.536,160.944,25.0,true
41.000,ue23,-319.480,160.923,25.0,true
42.000,ue23,-319.439,160.953,25.0,true
43.000,ue23,-319.421,160.981,25.0,true
44.000,ue23,-319.422,160.974,25.0,true
45.000,ue23,-319.422,160.974,25.0,true
46.000,ue23,-319.396,161.120,25.0,true
47.000,ue23,-319.444,160.990,25.0,true
48.000,ue23,-319.434,160.949,25.0,true
49.000,ue23,-319.465,160.929,25.0,true
50.000,ue23,-319.497,161.015,25.0,true
51.000,ue23,-319.430,161.084,25.0,true
52.000,ue23,-319.404,161.057,25.0,true
53.000,ue23,-319.554,161.179,25.0,true
54.000,ue23,-319.539,161.176,25.0,true
55.000,ue23,-319.647,161.094,25.0,true
56.000,ue23,-319.606,161.086,25.0,true
57.000,ue23,-319.735,161.029,25.0,true
58.000,ue23,-319.672,161.106,25.0,true
59.000,ue23,-319.659,161.276,25.0,true
60.000,ue23,-319.598,161.385,25.0,true
61.000,ue23,-319.518,161.435,25.0,true
62.000,ue23,-319.598,161.339,25.0,true
63.000,ue23,-319.642,161.354,25.0,true
64.000,ue23,-319.642,161.377,25.0,true
65.000,ue23,-319.643,161.405,25.0,true
0.000,ue24,-303.747,179.817,25.0,true
1.000,ue24,-303.688,179.817,25.0,true
2.000,ue24,-303.705,179.660,25.0,true
3.000,ue24,-303.653,179.614,25.0,true
4.000,ue24,-303.707,179.666,25.0,true
5.000,ue24,-303.652,179.707,25.0,true
6.000,ue24,-303.595,179.641,25.0,true
7.000,ue24,-303.609,179.608,25.0,true
8.000,ue24,-303.505,179.660,25.0,true
9.000,ue24,-303.520,179.710,25.0,true
10.000,ue24,-303.497,179.703,25.0,true
11.000,ue24,-303.469,179.754,25.0,true
12.000,ue24,-303.478,179.679,25.0,true
13.000,ue24,-303.456,179.663,25.0,true
14.000,ue24,-303.525,179.617,25.0,true
15.000,ue24,-303.540,179.619,25.0,true
16.000,ue24,-303.506,179.606,25.0,true
17.000,ue24,-303.479,179.584,25.0,true
18.000,ue24,-303.447,179.608,25.0,true
19.000,ue24,-303.412,179.694,25.0,true
20.000,ue24,-303.429,179.599,25.0,true
21.000,ue24,-303.434,179.647,25.0,true
22.000,ue24,-303.433,179.666,25.0,true
23.000,ue24,-303.536,179.616,25.0,true
24.000,ue24,-303.504,179.663,25.0,true
25.000,ue24,-303.549,179.685,25.0,true
26.000,ue24,-303.591,179.616,25.0,true
27.000,ue24,-303.587,179.629,25.0,true
28.000,ue24,-303.563,179.673,25.0,true
29.000,ue24,-303.463,179.730,25.0,true
30.000,ue24,-303.484,179.786,25.0,true
31.000,ue24,-303.572,179.792,25.0,true
32.000,ue24,-303.509,179.833,25.0,true
33.000,ue24,-303.459,179.947,25.0,true
34.000,ue24,-303.504,179.995,25.0,true
35.000,ue24,-303.509,180.062,25.0,true
36.000,ue24,-303.502,180.109,25.0,true
37.000,ue24,-303.410,180.147,25.0,true
38.000,ue24,-303.422,180.125,25.0,true
39.000,ue24,-303.464,180.187,25.0,true
40.000,ue24,-303.385,180.172,25.0,true
41.000,ue24,-303.494,180.134,25.0,true
42.000,ue24,-303.468,180.077,25.0,true
43.000,ue24,-303.585,180.051,25.0,true
44.000,ue24,-303.708,180.070,25.0,true
45.000,ue24,-303.732,180.074,25.0,true
46.000,ue24,-303.654,180.019,25.0,true
47.000,ue24,-303.783,180.018,25.0,true
48.000,ue24,-303.755,179.932,25.0,true
49.000,ue24,-303.777,179.911,25.0,true
50.000,ue24,-303.775,179.874,25.0,true
51.000,ue24,-303.615,179.858,25.0,true
52.000,ue24,-303.604,179.829,25.0,true
53.000,ue24,-303.763,179.912,25.0,true
54.000,ue24,-303.952,179.994,25.0,true
55.000,ue24,-304.031,179.912,25.0,true
56.000,ue24,-304.038,180.044,25.0,true
57.000,ue24,-304.019,180.032,25.0,true
58.000,ue24,-304.065,180.071,25.0,true
59.000,ue24,-304.087,180.114,25.0,true
60.000,ue24,-304.205,180.146,25.0,true
61.000,ue24,-304.186,180.064,25.0,true
62.000,ue24,-304.248,180.055,25.0,true
63.000,ue24,-304.277,180.073,25.0,true
64.000,ue24,-304.363,180.020,25.0,true
65.000,ue24,-304.236,179.969,25.0,true
0.000,ue25,-291.656,185.384,25.0,true
1.000,ue25,-291.682,185.373,25.0,true
2.000,ue25,-291.698,185.446,25.0,true
3.000,ue25,-291.733,185.497,25.0,true
4.000,ue25,-291.784,185.543,25.0,true
5.000,ue25,-291.797,185.533,25.0,true
6.000,ue25,-291.802,185.566,25.0,true
7.000,ue25,-291.874,185.508,25.0,true
8.000,ue25,-291.751,185.538,25.0,true
9.000,ue25,-291.773,185.577,25.0,true
10.000,ue25,-291.777,185.442,25.0,true
11.000,ue25,-291.767,185.434,25.0,true
12.000,ue25,-291.746,185.388,25.0,true
13.000,ue25,-291.759,185.456,25.0,true
14.000,ue25,-291.768,185.431,25.0,true
15.000,ue25,-291.746,185.407,25.0,true
16.000,ue25,-291.682,185.396,25.0,true
17.000,ue25,-291.661,185.354,25.0,true
18.000,ue25,-291.735,185.397,25.0,true
19.000,ue25,-291.720,185.436,25.0,true
20.000,ue25,-291.676,185.347,25.0,true
21.000,ue25,-291.668,185.227,25.0,true
22.000,ue25,-291.637,185.162,25.0,true
23.000,ue25,-291.609,185.206,25.0,true
24.000,ue25,-291.642,185.204,25.0,true
25.000,ue25,-291.568,185.105,25.0,true
26.000,ue25,-291.530,185.112,25.0,true
27.000,ue25,-291.473,185.013,25.0,true
28.000,ue25,-291.472,185.079,25.0,true
29.000,ue25,-291.391,185.033,25.0,true
30.000,ue25,-291.408,185.144,25.0,true
31.000,ue25,-291.493,185.141,25.0,true
32.000,ue25,-291.482,185.151,25.0,true
33.000,ue25,-291.538,185.209,25.0,true
34.000,ue25,-291.485,185.318,25.0,true
35.000,ue25,-291.533,185.289,25.0,true
36.000,ue25,-291.467,185.398,25.0,true
37.000,ue25,-291.467,185.306,25.0,true
38.000,ue25,-291.480,185.364,25.0,true
39.000,ue25,-291.440,185.431,25.0,true
40.000,ue25,-291.324,185.405,25.0,true
41.000,ue25,-291.378,185.333,25.0,true
42.000,ue25,-291.386,185.394,25.0,true
43.000,ue25,-291.282,185.407,25.0,true
44.000,ue25,-291.281,185.399,25.0,true
45.000,ue25,-291.208,185.354,25.0,true
46.000,ue25,-291.214,185.349,25.0,true
47.000,ue25,-291.216,185.457,25.0,true
48.000,ue25,-291.269,185.605,25.0,true
49.000,ue25,-291.308,185.556,25.0,true
50.000,ue25,-291.348,185.594,25.0,true
51.000,ue25,-291.349,185.662,25.0,true
52.000,ue25,-291.398,185.561,25.0,true
53.000,ue25,-291.421,185.578,25.0,true
54.000,ue25,-291.509,185.572,25.0,true
55.000,ue25,-291.477,185.523,25.0,true
56.000,ue25,-291.526,185.458,25.0,true
57.000,ue25,-291.535,185.485,25.0,true
58.000,ue25,-291.370,185.555,25.0,true
59.000,ue25,-291.446,185.463,25.0,true
60.000,ue25,-291.452,185.557,25.0,true
61.000,ue25,-291.413,185.525,25.0,true
62.000,ue25,-291.353,185.608,25.0,true
63.000,ue25,-291.265,185.544,25.0,true
64.000,ue25,-291.239,185.467,25.0,true
65.000,ue25,-291.287,185.390,25.0,true
0.000,ue26,-317.614,140.066,25.0,true
1.000,ue26,-317.630,139.980,25.0,true
2.000,ue26,-317.583,139.979,25.0,true
3.000,ue26,-317.635,140.008,25.0,true
4.000,ue26,-317.543,140.029,25.0,true
5.000,ue26,-317.578,140.012,25.0,true
6.000,ue26,-317.585,139.970,25.0,true
7.000,ue26,-317.687,139.947,25.0,true
8.000,ue26,-317.613,139.897,25.0,true
9.000,ue26,-317.728,139.892,25.0,true
10.000,ue26,-317.662,139.789,25.0,true
11.000,ue26,-317.651,139.813,25.0,true
12.000,ue26,-317.619,139.847,25.0,true
13.000,ue26,-317.582,139.752,25.0,true
14.000,ue26,-317.545,139.835,25.0,true
15.000,ue26,-317.559,139.857,25.0,true
16.000,ue26,-317.619,139.935,25.0,true
17.000,ue26,-317.657,140.034,25.0,true
18.000,ue26,-317.679,140.075,25.0,true
19.000,ue26,-317.711,140.187,25.0,true
20.000,ue26,-317.830,140.209,25.0,true
21.000,ue26,-317.954,140.137,25.0,true
22.000,ue26,-317.841,140.192,25.0,true
23.000,ue26,-317.962,140.191,25.0,true
24.000,ue26,-317.999,140.225,25.0,true
25.000,ue26,-317.888,140.265,25.0,true
26.000,ue26,-317.862,140.295,25.0,true
27.000,ue26,-317.927,140.337,25.0,true
28.000,ue26,-317.872,140.301,25.0,true
29.000,ue26,-317.910,140.388,25.0,true
30.000,ue26,-317.898,140.319,25.0,true
31.000,ue26,-317.923,140.292,25.0,true
32.000,ue26,-317.927,140.287,25.0,true
33.000,ue26,-317.942,140.388,25.0,true
34.000,ue26,-317.892,140.477,25.0,true
35.000,ue26,-317.994,140.484,25.0,true
36.000,ue26,-317.923,140.527,25.0,true
37.000,ue26,-317.964,140.482,25.0,true
38.000,ue26,-317.907,140.469,25.0,true
39.000,ue26,-317.868,140.478,25.0,true
40.000,ue26,-317.875,140.486,25.0,true
41.000,ue26,-317.925,140.588,25.0,true
42.000,ue26,-317.892,140.672,25.0,true
43.000,ue26,-317.923,140.639,25.0,true
44.000,ue26,-317.943,140.587,25.0,true
45.000,ue26,-317.902,140.630,25.0,true
46.000,ue26,-317.933,140.611,25.0,true
47.000,ue26,-317.910,140.566,25.0,true
48.000,ue26,-317.935,140.660,25.0,true
49.000,ue26,-317.979,140.629,25.0,true
50.000,ue26,-317.829,140.501,25.0,true
51.000,ue26,-317.900,140.609,25.0,true
52.000,ue26,-317.925,140.639,25.0,true
53.000,ue26,-317.798,140.596,25.0,true
54.000,ue26,-317.833,140.620,25.0,true
55.000,ue26,-317.838,140.589,25.0,true
56.000,ue26,-317.846,140.509,25.0,true
57.000,ue26,-317.818,140.559,25.0,true
58.000,ue26,-317.827,140.546,25.0,true
59.000,ue26,-317.794,140.514,25.0,true
60.000,ue26,-317.813,140.509,25.0,true
61.000,ue26,-317.725,140.507,25.0,true
62.000,ue26,-317.731,140.497,25.0,true
63.000,ue26,-317.754,140.439,25.0,true
64.000,ue26,-317.810,140.490,25.0,true
65.000,ue26,-317.844,140.496,25.0,true
0.000,ue27,-313.959,154.421,25.0,true
1.000,ue27,-313.988,154.341,25.0,true
2.000,ue27,-314.015,154.425,25.0,true
3.000,ue27,-314.040,154.385,25.0,true
4.000,ue27,-314.066,154.364,25.0,true
5.000,ue27,-314.052,154.340,25.0,true
6.000,ue27,-314.058,154.310,25.0,true
7.000,ue27,-314.037,154.329,25.0,true
8.000,ue27,-314.024,154.367,25.0,true
9.000,ue27,-314.030,154.440,25.0,true
10.000,ue27,-314.002,154.529,25.0,true
11.000,ue27,-314.007,154.545,25.0,true
12.000,ue27,-314.048,154.546,25.0,true
13.000,ue27,-313.999,154.524,25.0,true
14.000,ue27,-313.909,154.526,25.0,true
15.000,ue27,-313.814,154.463,25.0,true
16.000,ue27,-313.831,154.433,25.0,true
17.000,ue27,-313.770,154.472,25.0,true
18.000,ue27,-313.775,154.444,25.0,true
19.000,ue27,-313.776,154.488,25.0,true
20.000,ue27,-313.726,154.484,25.0,true
21.000,ue27,-313.753,154.490,25.0,true
22.000,ue27,-313.745,154.506,25.0,true
23.000,ue27,-313.772,154.610,25.0,true
24.000,ue27,-313.810,154.701,25.0,true
25.000,ue27,-313.727,154.758,25.0,true
26.000,ue27,-313.614,154.791,25.0,true
27.000,ue27,-313.633,154.760,25.0,true
28.000,ue27,-313.673,154.810,25.0,true
29.000,ue27,-313.762,154.724,25.0,true
30.000,ue27,-313.670,154.785,25.0,true
31.000,ue27,-313.645,154.841,25.0,true
32.000,ue27,-313.599,154.829,25.0,true
33.000,ue27,-313.687,154.906,25.0,true
34.000,ue27,-313.660,154.824,25.0,true
35.000,ue27,-313.652,154.796,25.0,true
36.000,ue27,-313.659,154.776,25.0,true
37.000,ue27,-313.626,154.763,25.0,true
38.000,ue27,-313.695,154.804,25.0,true
39.000,ue27,-313.666,154.718,25.0,true
40.000,ue27,-313.641,154.772,25.0,true
41.000,ue27,-313.650,154.783,25.0,true
42.000,ue27,-313.696,154.678,25.0,true
43.000,ue27,-313.665,154.673,25.0,true
44.000,ue27,-313.639,154.658,25.0,true
45.000,ue27,-313.655,154.668,25.0,true
46.000,ue27,-313.659,154.720,25.0,true
47.000,ue27,-313.684,154.634,25.0,true
48.000,ue27,-313.675,154.555,25.0,true
49.000,ue27,-313.827,154.490,25.0,true
50.000,ue27,-313.854,154.442,25.0,true
51.000,ue27,-313.946,154.428,25.0,true
52.000,ue27,-313.873,154.478,25.0,true
53.000,ue27,-313.872,154.533,25.0,true
54.000,ue27,-313.899,154.480,25.0,true
55.000,ue27,-313.858,154.415,25.0,true
56.000,ue27,-313.838,154.414,25.0,true
57.000,ue27,-313.860,154.386,25.0,true
58.000,ue27,-313.792,154.291,25.0,true
59.000,ue27,-313.775,154.274,25.0,true
60.000,ue27,-313.820,154.276,25.0,true
61.000,ue27,-313.801,154.272,25.0,true
62.000,ue27,-313.786,154.357,25.0,true
63.000,ue27,-313.822,154.382,25.0,true
64.000,ue27,-313.927,154.410,25.0,true
65.000,ue27,-314.039,154.448,25.0,true
0.000,ue28,-290.238,157.280,25.0,true
1.000,ue28,-290.267,157.290,25.0,true
2.000,ue28,-290.354,157.291,25.0,true
3.000,ue28,-290.304,157.328,25.0,true
4.000,ue28,-290.305,157.328,25.0,true
5.000,ue28,-290.237,157.372,25.0,true
6.000,ue28,-290.274,157.337,25.0,true
7.000,ue28,-290.315,157.335,25.0,true
8.000,ue28,-290.385,157.206,25.0,true
9.000,ue28,-290.398,157.221,25.0,true
10.000,ue28,-290.387,157.286,25.0,true
11.000,ue28,-290.464,157.255,25.0,true
12.000,ue28,-290.551,157.270,25.0,true
13.000,ue28,-290.557,157.241,25.0,true
14.000,ue28,-290.554,157.199,25.0,true
15.000,ue28,-290.616,157.294,25.0,true
16.000,ue28,-290.567,157.283,25.0,true
17.000,ue28,-290.660,157.270,25.0,true
18.000,ue28,-290.625,157.280,25.0,true
19.000,ue28,-290.565,157.354,25.0,true
20.000,ue28,-290.570,157.325,25.0,true
21.000,ue28,-290.599,157.301,25.0,true
22.000,ue28,-290.545,157.275,25.0,true
23.000,ue28,-290.646,157.303,25.0,true
24.000,ue28,-290.652,157.275,25.0,true
25.000,ue28,-290.770,157.345,25.0,true
26.000,ue28,-290.728,157.277,25.0,true
27.000,ue28,-290.719,157.212,25.0,true
28.000,ue28,-290.800,157.086,25.0,true
29.000,ue28,-290.754,157.139,25.0,true
30.000,ue28,-290.772,157.135,25.0,true
31.000,ue28,-290.667,157.090,25.0,true
32.000,ue28,-290.738,157.098,25.0,true
33.000,ue28,-290.705,157.080,25.0,true
34.000,ue28,-290.791,157.034,25.0,true
35.000,ue28,-290.750,157.077,25.0,true
36.000,ue28,-290.850,157.003,25.0,true
37.000,ue28,-290.909,157.002,25.0,true
38.000,ue28,-290.776,156.985,25.0,true
39.000,ue28,-290.773,156.937,25.0,true
40.000,ue28,-290.618,156.901,25.0,true
41.000,ue28,-290.648,156.910,25.0,true
42.000,ue28,-290.728,156.959,25.0,true
43.000,ue28,-290.728,156.908,25.0,true
44.000,ue28,-290.764,156.794,25.0,true
45.000,ue28,-290.797,156.658,25.0,true
46.000,ue28,-290.824,156.628,25.0,true
47.000,ue28,-290.860,156.593,25.0,true
48.000,ue28,-290.910,156.667,25.0,true
49.000,ue28,-290.824,156.657,25.0,true
50.000,ue28,-290.755,156.639,25.0,true
51.000,ue28,-290.773,156.589,25.0,true
52.000,ue28,-290.732,156.626,25.0,true
53.000,ue28,-290.809,156.636,25.0,true
54.000,ue28,-290.840,156.582,25.0,true
55.000,ue28,-290.834,156.477,25.0,true
56.000,ue28,-290.860,156.590,25.0,true
57.000,ue28,-290.834,156.522,25.0,true
58.000,ue28,-290.800,156.527,25.0,true
59.000,ue28,-290.820,156.492,25.0,true
60.000,ue28,-290.815,156.463,25.0,true
61.000,ue28,-290.825,156.508,25.0,true
62.000,ue28,-290.773,156.435,25.0,true
63.000,ue28,-290.801,156.532,25.0,true
64.000,ue28,-290.693,156.554,25.0,true
65.000,ue28,-290.597,156.626,25.0,true
0.000,ue29,-299.581,162.212,25.0,true
1.000,ue29,-299.589,162.092,25.0,true
2.000,ue29,-299.593,162.015,25.0,true
3.000,ue29,-299.584,162.120,25.0,true
4.000,ue29,-299.569,162.073,25.0,true
5.000,ue29,-299.640,161.955,25.0,true
6.000,ue29,-299.754,162.053,25.0,true
7.000,ue29,-299.703,162.045,25.0,true
8.000,ue29,-299.712,162.042,25.0,true
9.000,ue29,-299.713,162.125,25.0,true
10.000,ue29,-299.689,162.006,25.0,true
11.000,ue29,-299.625,161.891,25.0,true
12.000,ue29,-299.650,161.807,25.0,true
13.000,ue29,-299.647,161.732,25.0,true
14.000,ue29,-299.730,161.669,25.0,true
15.000,ue29,-299.681,161.658,25.0,true
16.000,ue29,-299.641,161.740,25.0,true
17.000,ue29,-299.627,161.774,25.0,true
18.000,ue29,-299.685,161.769,25.0,true
19.000,ue29,-299.754,161.802,25.0,true
20.000,ue29,-299.700,161.860,25.0,true
21.000,ue29,-299.701,161.914,25.0,true
22.000,ue29,-299.710,161.880,25.0,true
23.000,ue29,-299.680,161.924,25.0,true
24.000,ue29,-299.548,161.967,25.0,true
25.000,ue29,-299.614,161.909,25.0,true
26.000,ue29,-299.692,161.913,25.0,true
27.000,ue29,-299.758,161.995,25.0,true
28.000,ue29,-299.775,162.034,25.0,true
29.000,ue29,-299.766,162.054,25.0,true
30.000,ue29,-299.828,162.052,25.0,true
31.000,ue29,-299.854,162.046,25.0,true
32.000,ue29,-299.847,162.087,25.0,true
33.000,ue29,-299.875,162.136,25.0,true
34.000,ue29,-299.855,162.235,25.0,true
35.000,ue29,-300.054,162.196,25.0,true
36.000,ue29,-299.978,162.045,25.0,true
37.000,ue29,-299.889,162.050,25.0,true
38.000,ue29,-300.011,162.093,25.0,true
39.000,ue29,-300.075,162.039,25.0,true
40.000,ue29,-299.987,162.015,25.0,true
41.000,ue29,-300.044,162.136,25.0,true
42.000,ue29,-299.989,162.116,25.0,true
43.000,ue29,-300.036,162.104,25.0,true
44.000,ue29,-299.941,162.045,25.0,true
45.000,ue29,-300.018,162.121,25.0,true
46.000,ue29,-300.035,162.127,25.0,true
47.000,ue29,-300.003,162.104,25.0,true
48.000,ue29,-300.149,162.091,25.0,true
49.000,ue29,-300.074,162.221,25.0,true
50.000,ue29,-300.081,162.220,25.0,true
51.000,ue29,-299.999,162.255,25.0,true
52.000,ue29,-299.982,162.137,25.0,true
53.000,ue29,-300.007,162.149,25.0,true
54.000,ue29,-300.097,162.127,25.0,true
55.000,ue29,-299.995,162.112,25.0,true
56.000,ue29,-300.081,161.999,25.0,true
57.000,ue29,-300.082,161.964,25.0,true
58.000,ue29,-300.134,161.978,25.0,true
59.000,ue29,-300.117,161.988,25.0,true
60.000,ue29,-300.096,161.915,25.0,true
61.000,ue29,-300.134,161.895,25.0,true
62.000,ue29,-300.137,161.954,25.0,true
63.000,ue29,-300.181,161.908,25.0,true
64.000,ue29,-300.092,161.917,25.0,true
65.000,ue29,-300.176,161.899,25.0,true
0.000,ue30,-288.624,166.063,25.0,true
1.000,ue30,-288.698,165.995,25.0,true
2.000,ue30,-288.778,165.947,25.0,true
3.000,ue30,-288.655,166.008,25.0,true
4.000,ue30,-288.572,166.073,25.0,true
5.000,ue30,-288.580,166.097,25.0,true
6.000,ue30,-288.574,166.033,25.0,true
7.000,ue30,-288.643,166.087,25.0,true
8.000,ue30,-288.717,166.099,25.0,true
9.000,ue30,-288.677,166.144,25.0,true
10.000,ue30,-288.655,166.072,25.0,true
11.000,ue30,-288.623,166.064,25.0,true
12.000,ue30,-288.681,165.945,25.0,true
13.000,ue30,-288.654,165.851,25.0,true
14.000,ue30,-288.757,165.956,25.0,true
15.000,ue30,-288.829,165.931,25.0,true
16.000,ue30,-288.825,165.935,25.0,true
17.000,ue30,-288.886,165.893,25.0,true
18.000,ue30,-288.837,165.876,25.0,true
19.000,ue30,-288.839,165.746,25.0,true
20.000,ue30,-288.873,165.798,25.0,true
21.000,ue30,-288.917,165.741,25.0,true
22.000,ue30,-288.894,165.777,25.0,true
23.000,ue30,-288.874,165.743,25.0,true
24.000,ue30,-288.829,165.840,25.0,true
25.000,ue30,-288.759,165.747,25.0,true
26.000,ue30,-288.584,165.667,25.0,true
27.000,ue30,-288.657,165.685,25.0,true
28.000,ue30,-288.663,165.707,25.0,true
29.000,ue30,-288.584,165.763,25.0,true
30.000,ue30,-288.638,165.767,25.0,true
31.000,ue30,-288.577,165.830,25.0,true
32.000,ue30,-288.510,165.879,25.0,true
33.000,ue30,-288.467,165.849,25.0,true
34.000,ue30,-288.546,165.874,25.0,true
35.000,ue30,-288.573,165.949,25.0,true
36.000,ue30,-288.626,165.926,25.0,true
37.000,ue30,-288.651,165.984,25.0,true
38.000,ue30,-288.606,165.985,25.0,true
39.000,ue30,-288.589,166.082,25.0,true
40.000,ue30,-288.695,166.127,25.0,true
41.000,ue30,-288.630,166.200,25.0,true
42.000,ue30,-288.582,166.153,25.0,true
43.000,ue30,-288.614,166.193,25.0,true
44.000,ue30,-288.649,166.181,25.0,true
45.000,ue30,-288.740,166.110,25.0,true
46.000,ue30,-288.719,166.084,25.0,true
47.000,ue30,-288.764,166.073,25.0,true
48.000,ue30,-288.746,166.057,25.0,true
49.000,ue30,-288.736,166.062,25.0,true
50.000,ue30,-288.751,166.062,25.0,true
51.000,ue30,-288.804,166.032,25.0,true
52.000,ue30,-288.914,165.962,25.0,true
53.000,ue30,-288.986,165.938,25.0,true
54.000,ue30,-288.918,165.937,25.0,true
55.000,ue30,-288.909,165.881,25.0,true
56.000,ue30,-288.892,165.982,25.0,true
57.000,ue30,-288.897,165.933,25.0,true
58.000,ue30,-288.967,165.949,25.0,true
59.000,ue30,-289.023,165.991,25.0,true
60.000,ue30,-289.084,165.892,25.0,true
61.000,ue30,-289.055,165.814,25.0,true
62.000,ue30,-289.019,165.877,25.0,true
63.000,ue30,-289.054,165.889,25.0,true
64.000,ue30,-288.971,165.861,25.0,true
65.000,ue30,-288.875,165.842,25.0,true
