time_s,ue_id,x,y,z,active
0.000,ue1,-120.928,244.678,33.098,true
1.000,ue1,-122.127,244.683,33.098,true
2.000,ue1,-123.360,244.688,33.098,true
3.000,ue1,-124.688,244.694,33.098,true
4.000,ue1,-125.898,244.699,33.098,true
5.000,ue1,-127.051,244.704,33.098,true
6.000,ue1,-128.272,244.710,33.098,true
7.000,ue1,-129.661,244.716,33.098,true
8.000,ue1,-131.024,244.721,33.098,true
9.000,ue1,-132.397,244.727,33.098,true
10.000,ue1,-133.736,244.769,33.110,true
11.000,ue1,-135.031,244.966,33.115,true
12.000,ue1,-136.225,245.148,33.123,true
13.000,ue1,-137.365,245.321,33.132,true
14.000,ue1,-138.618,245.511,33.151,true
15.000,ue1,-139.766,245.686,33.177,true
16.000,ue1,-140.887,245.856,33.210,true
17.000,ue1,-142.154,246.049,33.250,true
18.000,ue1,-143.273,246.219,33.395,true
19.000,ue1,-144.593,246.419,33.346,true
20.000,ue1,-145.922,246.621,33.330,true
21.000,ue1,-147.075,246.796,33.324,true
22.000,ue1,-148.237,246.973,33.318,true
23.000,ue1,-149.399,247.150,33.313,true
24.000,ue1,-150.530,247.321,33.308,true
25.000,ue1,-151.665,247.494,33.303,true
26.000,ue1,-153.039,247.475,33.291,true
27.000,ue1,-154.277,247.447,33.280,true
28.000,ue1,-155.519,247.420,33.270,true
29.000,ue1,-156.673,247.394,33.261,true
30.000,ue1,-157.974,247.365,33.195,true
31.000,ue1,-159.114,247.340,33.125,true
32.000,ue1,-160.502,247.309,33.040,true
33.000,ue1,-161.869,247.279,32.961,true
34.000,ue1,-163.152,247.250,32.897,true
35.000,ue1,-164.291,247.225,32.840,true
36.000,ue1,-165.422,247.200,32.781,true
37.000,ue1,-166.708,247.171,32.622,true
38.000,ue1,-167.997,247.142,32.443,true
39.000,ue1,-169.337,247.113,32.258,true
40.000,ue1,-170.603,247.084,32.052,true
41.000,ue1,-171.859,247.057,31.813,true
42.000,ue1,-173.018,247.031,31.591,true
43.000,ue1,-174.173,247.005,31.343,true
44.000,ue1,-175.354,246.979,31.142,true
45.000,ue1,-176.698,246.949,30.910,true
46.000,ue1,-177.913,246.922,30.640,true
47.000,ue1,-179.033,246.897,30.327,true
48.000,ue1,-180.357,246.868,30.171,true
49.000,ue1,-181.601,246.840,30.026,true
50.000,ue1,-182.826,246.813,29.890,true
51.000,ue1,-184.178,246.783,29.707,true
52.000,ue1,-185.422,246.755,29.503,true
53.000,ue1,-185.581,245.550,29.465,true
54.000,ue1,-185.550,244.272,29.388,true
55.000,ue1,-185.519,243.001,29.298,true
56.000,ue1,-185.490,241.822,29.162,true
57.000,ue1,-185.462,240.628,29.087,true
58.000,ue1,-185.430,239.311,29.039,true
59.000,ue1,-185.400,238.080,29.014,true
60.000,ue1,-185.372,236.925,28.967,true
61.000,ue1,-185.342,235.693,28.924,true
62.000,ue1,-185.311,234.426,28.860,true
63.000,ue1,-185.278,233.044,28.810,true
64.000,ue1,-185.250,231.900,28.807,true
65.000,ue1,-185.221,230.694,28.808,true
66.000,ue1,-185.187,229.326,28.809,true
67.000,ue1,-185.159,228.152,28.798,true
68.000,ue1,-185.128,226.880,28.783,true
69.000,ue1,-185.098,225.627,28.769,true
70.000,ue1,-185.066,224.320,28.753,true
71.000,ue1,-185.038,223.171,28.740,true
72.000,ue1,-185.006,221.856,28.724,true
73.000,ue1,-184.974,220.534,28.709,true
74.000,ue1,-184.941,219.176,28.693,true
75.000,ue1,-184.909,217.861,28.678,true
76.000,ue1,-184.877,216.533,28.662,true
77.000,ue1,-184.848,215.316,28.648,true
78.000,ue1,-184.818,214.110,28.634,true
79.000,ue1,-184.785,212.735,28.616,true
80.000,ue1,-184.754,211.440,28.590,true
81.000,ue1,-184.725,210.265,28.567,true
82.000,ue1,-184.698,209.135,28.545,true
83.000,ue1,-184.668,207.921,28.520,true
84.000,ue1,-184.640,206.759,28.497,true
85.000,ue1,-184.610,205.515,28.496,true
86.000,ue1,-184.580,204.280,28.495,true
87.000,ue1,-184.547,202.913,28.495,true
88.000,ue1,-184.520,201.785,28.502,true
89.000,ue1,-184.486,200.395,28.510,true
90.000,ue1,-184.454,199.091,28.518,true
91.000,ue1,-184.424,197.856,28.526,true
92.000,ue1,-184.393,196.580,28.534,true
93.000,ue1,-184.362,195.283,28.542,true
94.000,ue1,-184.328,193.898,28.550,true
95.000,ue1,-184.295,192.539,28.558,true
96.000,ue1,-184.265,191.271,28.566,true
97.000,ue1,-184.234,190.021,28.574,true
98.000,ue1,-184.201,188.652,28.582,true
99.000,ue1,-184.169,187.338,28.628,true
100.000,ue1,-184.139,186.096,28.650,true
101.000,ue1,-184.110,184.876,28.668,true
102.000,ue1,-184.052,183.583,28.688,true
103.000,ue1,-183.907,182.429,28.714,true
104.000,ue1,-183.754,181.208,28.741,true
105.000,ue1,-183.598,179.959,28.839,true
106.000,ue1,-183.428,178.605,28.935,true
107.000,ue1,-183.281,177.431,29.026,true
108.000,ue1,-183.114,176.099,29.114,true
109.000,ue1,-182.961,174.876,29.136,true
110.000,ue1,-182.806,173.641,29.061,true
111.000,ue1,-182.647,172.365,29.151,true
112.000,ue1,-182.490,171.112,29.237,true
113.000,ue1,-182.321,169.769,29.328,true
114.000,ue1,-182.162,168.500,29.415,true
115.000,ue1,-182.090,167.260,29.493,true
116.000,ue1,-182.177,166.037,29.552,true
117.000,ue1,-182.273,164.689,29.610,true
118.000,ue1,-182.371,163.305,29.671,true
119.000,ue1,-182.452,162.163,29.860,true
120.000,ue1,-182.540,160.933,29.969,true
121.000,ue1,-182.626,159.715,29.984,true
122.000,ue1,-182.424,158.654,30.015,true
123.000,ue1,-181.222,158.662,30.106,true
124.000,ue1,-180.070,158.670,30.223,true
125.000,ue1,-178.922,158.678,30.358,true
126.000,ue1,-177.743,158.687,30.522,true
127.000,ue1,-176.580,158.695,30.707,true
128.000,ue1,-175.465,158.703,30.898,true
129.000,ue1,-174.172,158.712,31.085,true
130.000,ue1,-172.884,158.721,31.273,true
131.000,ue1,-171.748,158.729,31.435,true
132.000,ue1,-170.595,158.737,31.582,true
133.000,ue1,-169.445,158.745,31.730,true
134.000,ue1,-168.105,158.755,31.901,true
135.000,ue1,-166.849,158.763,32.064,true
136.000,ue1,-165.718,158.771,32.217,true
137.000,ue1,-164.549,158.780,32.375,true
138.000,ue1,-163.188,158.789,32.521,true
139.000,ue1,-161.814,158.799,32.654,true
140.000,ue1,-160.664,158.807,32.766,true
141.000,ue1,-159.275,158.817,32.824,true
142.000,ue1,-157.940,158.826,32.871,true
143.000,ue1,-156.767,158.834,32.916,true
144.000,ue1,-155.662,158.344,33.014,true
145.000,ue1,-154.675,157.610,33.091,true
146.000,ue1,-153.645,156.845,33.114,true
147.000,ue1,-152.740,156.172,33.181,true
148.000,ue1,-151.655,155.365,33.213,true
149.000,ue1,-150.579,154.544,33.273,true
150.000,ue1,-149.640,153.650,33.264,true
151.000,ue1,-148.647,152.704,33.254,true
152.000,ue1,-147.713,151.814,33.254,true
153.000,ue1,-147.205,151.330,33.850,true
154.000,ue1,-146.606,150.760,34.351,true
155.000,ue1,-145.905,150.092,34.776,true
156.000,ue1,-145.355,149.567,35.196,true
157.000,ue1,-144.631,149.302,35.620,true
158.000,ue1,-143.974,149.089,36.282,true
159.000,ue1,-143.253,148.855,36.865,true
160.000,ue1,-142.558,148.629,37.289,true
161.000,ue1,-141.872,148.406,37.713,true
162.000,ue1,-141.159,148.175,38.138,true
163.000,ue1,-140.440,147.941,38.713,true
164.000,ue1,-139.806,147.735,39.382,true
165.000,ue1,-138.994,147.472,39.811,true
166.000,ue1,-138.084,147.176,40.285,true
167.000,ue1,-137.495,146.985,40.906,true
168.000,ue1,-136.753,146.744,41.487,true
169.000,ue1,-135.885,146.462,41.918,true
170.000,ue1,-134.869,146.132,42.162,true
171.000,ue1,-133.820,145.791,42.529,true
172.000,ue1,-132.778,145.453,42.871,true
173.000,ue1,-131.618,145.076,43.215,true
174.000,ue1,-130.450,144.697,43.524,true
175.000,ue1,-129.174,144.552,43.760,true
176.000,ue1,-127.888,144.429,44.000,true
177.000,ue1,-126.613,144.308,44.238,true
178.000,ue1,-125.358,144.188,44.473,true
179.000,ue1,-124.032,144.062,44.721,true
9.000,ue2,-25.339,151.218,62.595,true
10.000,ue2,-26.427,151.102,62.595,true
11.000,ue2,-27.533,150.984,62.595,true
12.000,ue2,-28.627,150.867,62.595,true
13.000,ue2,-29.752,150.747,62.595,true
14.000,ue2,-30.925,150.645,62.595,true
15.000,ue2,-32.013,150.649,62.590,true
16.000,ue2,-33.146,150.654,62.560,true
17.000,ue2,-34.150,150.658,62.515,true
18.000,ue2,-35.205,150.663,62.455,true
19.000,ue2,-36.435,150.668,62.364,true
20.000,ue2,-37.680,150.674,62.233,true
21.000,ue2,-38.871,150.679,62.070,true
22.000,ue2,-40.037,150.684,61.885,true
23.000,ue2,-41.224,150.626,61.626,true
24.000,ue2,-42.188,150.443,61.368,true
25.000,ue2,-43.303,150.231,61.015,true
26.000,ue2,-44.363,150.030,60.625,true
27.000,ue2,-45.489,149.816,60.139,true
28.000,ue2,-46.392,149.644,59.693,true
29.000,ue2,-47.276,149.476,59.228,true
30.000,ue2,-48.178,149.305,58.727,true
31.000,ue2,-49.237,149.104,58.093,true
32.000,ue2,-50.089,148.942,57.582,true
33.000,ue2,-51.104,148.749,56.969,true
34.000,ue2,-52.053,148.429,56.421,true
35.000,ue2,-52.830,147.979,55.966,true
36.000,ue2,-53.759,147.441,55.444,true
37.000,ue2,-54.736,146.874,54.941,true
38.000,ue2,-55.644,146.348,54.510,true
39.000,ue2,-56.538,145.830,54.136,true
40.000,ue2,-57.375,145.345,53.800,true
41.000,ue2,-58.268,144.827,53.479,true
42.000,ue2,-59.315,144.220,53.153,true
43.000,ue2,-60.375,143.606,52.886,true
44.000,ue2,-61.322,143.057,52.688,true
45.000,ue2,-62.390,142.438,52.554,true
46.000,ue2,-63.336,141.890,52.647,true
47.000,ue2,-64.417,141.643,52.617,true
48.000,ue2,-65.584,141.982,52.608,true
49.000,ue2,-66.624,142.284,52.602,true
50.000,ue2,-67.737,142.607,52.591,true
51.000,ue2,-68.758,142.729,52.547,true
52.000,ue2,-69.867,142.734,52.497,true
53.000,ue2,-70.974,142.739,52.447,true
54.000,ue2,-72.138,142.744,52.385,true
55.000,ue2,-73.245,142.749,52.311,true
56.000,ue2,-74.401,142.754,52.191,true
57.000,ue2,-75.638,142.759,52.071,true
58.000,ue2,-76.810,142.764,51.962,true
59.000,ue2,-77.935,142.769,51.858,true
60.000,ue2,-79.078,142.774,51.752,true
61.000,ue2,-80.244,142.779,51.603,true
62.000,ue2,-81.461,142.784,51.431,true
63.000,ue2,-82.644,142.789,51.270,true
64.000,ue2,-83.805,142.794,51.114,true
65.000,ue2,-84.826,142.799,50.977,true
66.000,ue2,-85.858,142.803,50.838,true
67.000,ue2,-86.964,142.808,50.698,true
68.000,ue2,-88.101,142.813,50.572,true
69.000,ue2,-89.147,142.817,50.455,true
70.000,ue2,-90.298,142.822,50.327,true
71.000,ue2,-91.469,142.827,50.213,true
72.000,ue2,-92.562,142.832,50.107,true
73.000,ue2,-93.744,142.837,49.992,true
74.000,ue2,-94.929,142.842,49.822,true
75.000,ue2,-96.147,142.848,49.640,true
76.000,ue2,-97.304,142.853,49.466,true
77.000,ue2,-98.412,142.857,49.300,true
78.000,ue2,-99.463,142.862,49.143,true
79.000,ue2,-100.587,142.867,48.975,true
80.000,ue2,-101.691,142.871,48.795,true
81.000,ue2,-102.867,142.877,48.601,true
82.000,ue2,-104.031,142.882,48.408,true
83.000,ue2,-105.103,142.886,48.231,true
84.000,ue2,-106.188,142.891,48.052,true
85.000,ue2,-107.355,142.896,47.859,true
86.000,ue2,-108.380,142.900,47.683,true
87.000,ue2,-109.480,142.905,47.472,true
88.000,ue2,-110.604,142.934,47.254,true
89.000,ue2,-111.722,143.040,47.032,true
90.000,ue2,-112.818,143.145,46.814,true
91.000,ue2,-113.825,143.241,46.614,true
92.000,ue2,-114.817,143.335,46.416,true
93.000,ue2,-115.914,143.440,46.198,true
94.000,ue2,-117.023,143.545,45.981,true
95.000,ue2,-118.116,143.650,45.777,true
96.000,ue2,-119.203,143.753,45.574,true
97.000,ue2,-120.339,143.861,45.362,true
98.000,ue2,-121.445,143.967,45.155,true
99.000,ue2,-122.487,144.066,44.960,true
100.000,ue2,-123.528,144.165,44.766,true
101.000,ue2,-124.679,144.275,44.551,true
102.000,ue2,-125.885,144.390,44.325,true
103.000,ue2,-127.081,144.504,44.102,true
104.000,ue2,-128.190,144.609,43.894,true
105.000,ue2,-129.317,144.717,43.684,true
106.000,ue2,-130.456,144.913,43.458,true
107.000,ue2,-131.604,145.286,43.133,true
108.000,ue2,-132.608,145.612,42.835,true
109.000,ue2,-133.546,145.917,42.523,true
110.000,ue2,-134.571,146.250,42.164,true
111.000,ue2,-135.572,146.575,41.919,true
112.000,ue2,-136.216,146.784,41.497,true
113.000,ue2,-136.837,146.986,41.075,true
114.000,ue2,-137.446,147.183,40.654,true
115.000,ue2,-138.231,147.438,40.227,true
116.000,ue2,-138.971,147.679,39.754,true
117.000,ue2,-139.558,147.870,39.291,true
118.000,ue2,-140.147,148.061,38.730,true
119.000,ue2,-140.736,148.252,38.215,true
120.000,ue2,-141.327,148.444,37.750,true
121.000,ue2,-141.947,148.645,37.302,true
122.000,ue2,-142.634,148.868,36.878,true
123.000,ue2,-143.412,149.121,36.451,true
124.000,ue2,-144.098,149.344,36.027,true
125.000,ue2,-144.692,149.537,35.606,true
126.000,ue2,-145.331,149.957,35.183,true
127.000,ue2,-145.869,150.470,34.718,true
128.000,ue2,-146.368,150.946,34.147,true
129.000,ue2,-146.876,151.429,33.719,true
130.000,ue2,-147.439,151.965,33.246,true
131.000,ue2,-148.318,152.803,33.254,true
132.000,ue2,-149.109,153.557,33.262,true
133.000,ue2,-149.988,154.394,33.271,true
134.000,ue2,-150.873,155.127,33.241,true
135.000,ue2,-151.752,155.781,33.195,true
136.000,ue2,-152.708,156.491,33.159,true
137.000,ue2,-153.587,157.145,33.094,true
138.000,ue2,-154.580,157.883,33.075,true
139.000,ue2,-155.430,158.515,33.006,true
140.000,ue2,-156.339,158.962,32.929,true
141.000,ue2,-157.437,158.955,32.880,true
142.000,ue2,-158.545,158.947,32.841,true
143.000,ue2,-159.672,158.939,32.801,true
144.000,ue2,-160.783,158.931,32.730,true
145.000,ue2,-161.854,158.923,32.626,true
146.000,ue2,-163.060,158.915,32.509,true
147.000,ue2,-164.267,158.906,32.379,true
148.000,ue2,-165.371,158.899,32.230,true
149.000,ue2,-166.438,158.891,32.086,true
150.000,ue2,-167.481,158.884,31.949,true
151.000,ue2,-168.499,158.877,31.818,true
152.000,ue2,-169.608,158.869,31.677,true
153.000,ue2,-170.737,158.861,31.532,true
154.000,ue2,-171.857,158.853,31.385,true
155.000,ue2,-173.045,158.845,31.213,true
156.000,ue2,-174.124,158.837,31.056,true
157.000,ue2,-175.300,158.829,30.885,true
158.000,ue2,-176.391,158.821,30.696,true
159.000,ue2,-177.443,158.814,30.528,true
160.000,ue2,-178.577,158.806,30.371,true
161.000,ue2,-179.707,158.798,30.233,true
162.000,ue2,-180.861,158.790,30.117,true
163.000,ue2,-181.885,158.782,30.034,true
164.000,ue2,-182.280,159.340,29.990,true
165.000,ue2,-182.197,160.521,29.970,true
166.000,ue2,-182.117,161.639,29.967,true
167.000,ue2,-182.049,162.600,29.700,true
168.000,ue2,-181.974,163.658,29.656,true
169.000,ue2,-181.891,164.820,29.606,true
170.000,ue2,-181.815,165.889,29.557,true
171.000,ue2,-181.732,167.062,29.503,true
172.000,ue2,-181.748,168.181,29.439,true
173.000,ue2,-181.875,169.193,29.369,true
174.000,ue2,-182.023,170.376,29.288,true
175.000,ue2,-182.166,171.518,29.210,true
176.000,ue2,-182.322,172.760,29.124,true
177.000,ue2,-182.463,173.888,29.072,true
178.000,ue2,-182.597,174.958,29.137,true
179.000,ue2,-182.735,176.061,29.115,true
12.000,ue3,-272.279,317.683,32.657,true
13.000,ue3,-271.244,317.717,32.467,true
14.000,ue3,-270.192,317.752,32.277,true
15.000,ue3,-269.383,317.778,31.889,true
16.000,ue3,-268.602,317.804,31.503,true
17.000,ue3,-267.846,317.828,30.933,true
18.000,ue3,-266.954,317.857,30.556,true
19.000,ue3,-266.071,317.886,30.183,true
20.000,ue3,-264.909,317.924,30.183,true
21.000,ue3,-263.641,317.966,30.183,true
22.000,ue3,-262.533,318.002,30.183,true
23.000,ue3,-261.410,318.039,30.183,true
24.000,ue3,-260.330,318.074,30.183,true
25.000,ue3,-259.030,318.117,30.183,true
26.000,ue3,-257.824,318.156,30.183,true
27.000,ue3,-256.649,318.195,30.183,true
28.000,ue3,-255.444,318.234,30.183,true
29.000,ue3,-254.460,318.266,30.200,true
30.000,ue3,-253.535,318.296,29.943,true
31.000,ue3,-252.529,318.329,29.589,true
32.000,ue3,-251.592,318.360,29.172,true
33.000,ue3,-251.028,318.378,28.673,true
34.000,ue3,-250.264,318.403,28.692,true
35.000,ue3,-249.215,318.438,28.802,true
36.000,ue3,-248.102,318.487,28.802,true
37.000,ue3,-248.107,317.413,28.802,true
38.000,ue3,-248.112,316.203,28.803,true
39.000,ue3,-248.117,314.988,28.803,true
40.000,ue3,-248.123,313.715,28.803,true
41.000,ue3,-248.128,312.499,28.803,true
42.000,ue3,-248.134,311.196,28.804,true
43.000,ue3,-248.139,309.926,28.804,true
44.000,ue3,-248.144,308.685,28.804,true
45.000,ue3,-248.149,307.579,28.805,true
46.000,ue3,-248.155,306.282,28.805,true
47.000,ue3,-248.160,305.076,28.805,true
48.000,ue3,-248.165,303.804,28.805,true
49.000,ue3,-248.171,302.502,28.806,true
50.000,ue3,-248.176,301.334,28.806,true
51.000,ue3,-248.181,300.097,28.806,true
52.000,ue3,-248.187,298.844,28.807,true
53.000,ue3,-248.192,297.737,28.807,true
54.000,ue3,-248.197,296.579,28.807,true
55.000,ue3,-248.202,295.368,28.807,true
56.000,ue3,-248.116,294.083,28.808,true
57.000,ue3,-247.895,292.815,28.808,true
58.000,ue3,-247.690,291.638,28.808,true
59.000,ue3,-247.496,290.524,28.808,true
60.000,ue3,-247.295,289.370,28.809,true
61.000,ue3,-247.092,288.200,28.809,true
62.000,ue3,-246.900,287.100,28.812,true
63.000,ue3,-246.692,285.901,28.815,true
64.000,ue3,-246.484,284.712,28.814,true
65.000,ue3,-246.269,283.474,28.812,true
66.000,ue3,-246.073,282.347,28.810,true
67.000,ue3,-245.847,281.050,28.808,true
68.000,ue3,-245.658,279.964,28.807,true
69.000,ue3,-245.440,278.712,28.805,true
70.000,ue3,-245.491,277.872,28.810,true
71.000,ue3,-246.568,277.790,28.822,true
72.000,ue3,-247.848,277.693,28.836,true
73.000,ue3,-249.052,277.602,28.850,true
74.000,ue3,-250.218,277.514,28.833,true
75.000,ue3,-251.325,277.430,28.823,true
76.000,ue3,-252.521,277.340,28.811,true
77.000,ue3,-253.654,277.254,28.800,true
78.000,ue3,-254.896,277.160,28.788,true
79.000,ue3,-255.975,277.078,28.777,true
80.000,ue3,-257.195,276.986,28.766,true
81.000,ue3,-258.370,276.897,28.754,true
82.000,ue3,-259.541,276.809,28.741,true
83.000,ue3,-260.690,276.722,28.728,true
84.000,ue3,-261.868,276.633,28.704,true
85.000,ue3,-263.015,276.546,28.629,true
86.000,ue3,-264.103,276.464,28.647,true
87.000,ue3,-265.255,276.376,28.651,true
88.000,ue3,-266.510,276.281,28.646,true
89.000,ue3,-267.764,276.154,28.659,true
90.000,ue3,-268.773,275.633,28.674,true
91.000,ue3,-269.739,275.134,28.677,true
92.000,ue3,-270.878,274.547,28.673,true
93.000,ue3,-271.845,274.047,28.671,true
94.000,ue3,-272.809,273.549,28.663,true
95.000,ue3,-273.861,273.007,28.654,true
96.000,ue3,-274.797,272.641,28.652,true
97.000,ue3,-276.030,272.689,28.666,true
98.000,ue3,-277.151,272.733,28.681,true
99.000,ue3,-278.410,272.782,28.698,true
100.000,ue3,-279.592,272.827,28.704,true
101.000,ue3,-280.794,272.874,28.704,true
102.000,ue3,-282.059,272.923,28.704,true
103.000,ue3,-283.181,272.967,28.704,true
104.000,ue3,-284.309,273.309,28.704,true
105.000,ue3,-285.480,273.681,28.704,true
106.000,ue3,-286.675,274.060,28.704,true
107.000,ue3,-287.784,274.412,28.704,true
108.000,ue3,-288.829,274.743,28.704,true
109.000,ue3,-290.074,275.138,28.704,true
110.000,ue3,-291.213,275.499,28.704,true
111.000,ue3,-292.462,275.896,28.704,true
112.000,ue3,-293.388,276.477,28.704,true
113.000,ue3,-294.337,277.226,28.704,true
114.000,ue3,-295.232,277.933,28.704,true
115.000,ue3,-296.254,278.740,28.693,true
116.000,ue3,-297.270,279.542,28.669,true
117.000,ue3,-298.110,280.205,28.680,true
118.000,ue3,-298.984,280.896,28.705,true
119.000,ue3,-299.735,281.728,28.705,true
120.000,ue3,-300.172,282.946,28.700,true
121.000,ue3,-300.542,283.978,28.699,true
122.000,ue3,-301.331,284.738,28.697,true
123.000,ue3,-302.557,284.796,28.679,true
124.000,ue3,-303.406,284.837,28.383,true
125.000,ue3,-304.590,284.893,28.353,true
126.000,ue3,-305.903,284.956,28.353,true
127.000,ue3,-307.051,285.011,28.352,true
128.000,ue3,-308.253,285.091,28.352,true
129.000,ue3,-309.532,285.208,28.352,true
130.000,ue3,-310.594,285.305,28.352,true
131.000,ue3,-311.842,285.419,28.352,true
132.000,ue3,-312.987,285.524,28.352,true
133.000,ue3,-314.223,285.637,28.352,true
134.000,ue3,-315.530,285.756,28.352,true
135.000,ue3,-316.624,285.856,28.352,true
136.000,ue3,-317.936,285.976,28.351,true
137.000,ue3,-319.086,286.081,28.351,true
138.000,ue3,-320.193,286.182,28.351,true
139.000,ue3,-321.438,286.295,28.351,true
140.000,ue3,-322.514,286.394,28.351,true
141.000,ue3,-323.688,286.501,28.351,true
142.000,ue3,-324.826,286.605,28.351,true
143.000,ue3,-326.094,286.720,28.350,true
144.000,ue3,-327.227,286.824,28.350,true
145.000,ue3,-328.497,286.940,28.350,true
146.000,ue3,-329.613,287.042,28.350,true
147.000,ue3,-330.771,287.147,28.350,true
148.000,ue3,-331.965,287.257,28.350,true
149.000,ue3,-333.152,287.365,28.349,true
150.000,ue3,-334.387,287.478,28.349,true
151.000,ue3,-335.480,287.577,28.349,true
152.000,ue3,-336.592,287.679,28.349,true
153.000,ue3,-337.699,287.780,28.349,true
154.000,ue3,-338.847,287.885,28.349,true
155.000,ue3,-339.879,287.979,28.521,true
156.000,ue3,-340.856,288.068,28.692,true
157.000,ue3,-341.935,288.167,28.694,true
158.000,ue3,-343.095,287.607,28.696,true
159.000,ue3,-344.090,287.005,28.702,true
160.000,ue3,-345.182,286.344,28.702,true
161.000,ue3,-346.094,285.792,28.684,true
162.000,ue3,-347.052,285.212,28.673,true
163.000,ue3,-348.141,284.869,28.682,true
164.000,ue3,-349.345,284.775,28.702,true
165.000,ue3,-350.579,284.680,28.702,true
166.000,ue3,-351.789,284.587,28.702,true
167.000,ue3,-352.892,284.501,28.702,true
168.000,ue3,-353.974,284.418,28.702,true
169.000,ue3,-355.099,284.331,28.702,true
170.000,ue3,-356.352,284.234,28.702,true
171.000,ue3,-357.429,284.151,28.702,true
172.000,ue3,-358.634,284.058,28.702,true
173.000,ue3,-359.698,283.975,28.702,true
174.000,ue3,-360.888,283.883,28.702,true
175.000,ue3,-362.046,283.794,28.702,true
176.000,ue3,-363.098,283.963,28.702,true
177.000,ue3,-364.387,284.217,28.702,true
178.000,ue3,-365.500,284.437,28.702,true
179.000,ue3,-366.631,284.660,28.702,true
18.000,ue4,-319.237,395.957,23.891,true
19.000,ue4,-319.266,394.768,23.638,true
20.000,ue4,-319.292,393.681,23.186,true
21.000,ue4,-319.327,392.213,23.186,true
22.000,ue4,-319.362,390.761,23.186,true
23.000,ue4,-319.398,389.237,23.186,true
24.000,ue4,-319.432,387.823,23.186,true
25.000,ue4,-319.468,386.328,23.186,true
26.000,ue4,-319.503,384.851,23.186,true
27.000,ue4,-319.536,383.501,23.186,true
28.000,ue4,-319.566,382.212,23.186,true
29.000,ue4,-319.601,380.749,23.186,true
30.000,ue4,-319.635,379.360,23.186,true
31.000,ue4,-319.666,378.039,23.186,true
32.000,ue4,-319.698,376.704,23.186,true
33.000,ue4,-319.732,375.307,23.162,true
34.000,ue4,-319.762,374.029,23.321,true
35.000,ue4,-319.793,372.757,23.321,true
36.000,ue4,-319.825,371.425,23.144,true
37.000,ue4,-319.848,370.449,23.483,true
38.000,ue4,-319.869,369.551,23.864,true
39.000,ue4,-319.893,368.568,24.351,true
40.000,ue4,-319.916,367.609,24.876,true
41.000,ue4,-319.942,366.495,25.047,true
42.000,ue4,-320.219,365.283,25.047,true
43.000,ue4,-321.263,364.507,25.043,true
44.000,ue4,-322.126,363.866,25.382,true
45.000,ue4,-322.917,363.277,25.897,true
46.000,ue4,-323.677,362.713,26.421,true
47.000,ue4,-324.381,362.189,26.927,true
48.000,ue4,-325.380,361.447,27.098,true
49.000,ue4,-326.497,360.617,27.098,true
50.000,ue4,-327.304,360.017,27.632,true
51.000,ue4,-328.004,359.496,28.100,true
52.000,ue4,-328.682,358.993,28.500,true
53.000,ue4,-329.383,358.471,28.959,true
54.000,ue4,-329.877,357.504,29.187,true
55.000,ue4,-330.416,356.071,29.187,true
56.000,ue4,-330.851,354.916,29.260,true
57.000,ue4,-331.157,354.104,29.747,true
58.000,ue4,-331.522,353.132,30.086,true
59.000,ue4,-332.012,351.830,30.215,true
60.000,ue4,-332.475,350.600,30.203,true
61.000,ue4,-332.948,349.345,30.192,true
62.000,ue4,-333.368,348.227,30.231,true
63.000,ue4,-334.293,347.760,30.231,true
64.000,ue4,-335.564,347.542,30.231,true
65.000,ue4,-336.963,347.301,30.231,true
66.000,ue4,-338.233,347.082,30.231,true
67.000,ue4,-339.731,346.825,30.231,true
68.000,ue4,-341.064,346.595,30.231,true
69.000,ue4,-342.362,346.372,30.231,true
70.000,ue4,-343.662,346.148,30.231,true
71.000,ue4,-345.025,345.914,30.231,true
72.000,ue4,-346.247,345.704,30.231,true
73.000,ue4,-347.640,345.464,30.231,true
74.000,ue4,-349.094,345.214,30.231,true
75.000,ue4,-350.350,344.998,30.232,true
76.000,ue4,-351.659,344.773,30.232,true
77.000,ue4,-353.122,344.521,30.232,true
78.000,ue4,-354.372,344.306,30.233,true
79.000,ue4,-355.739,344.071,30.223,true
80.000,ue4,-356.539,343.933,29.689,true
81.000,ue4,-357.443,343.778,29.350,true
82.000,ue4,-358.250,343.639,28.914,true
83.000,ue4,-359.516,343.141,28.826,true
84.000,ue4,-360.753,342.345,28.826,true
85.000,ue4,-361.826,341.653,28.826,true
86.000,ue4,-362.921,340.949,28.826,true
87.000,ue4,-364.176,340.141,28.826,true
88.000,ue4,-365.178,339.216,28.826,true
89.000,ue4,-365.858,337.958,28.826,true
90.000,ue4,-366.478,336.810,28.826,true
91.000,ue4,-367.155,335.557,28.826,true
92.000,ue4,-367.831,334.306,28.826,true
93.000,ue4,-368.536,333.003,28.826,true
94.000,ue4,-369.170,331.828,28.826,true
95.000,ue4,-369.889,330.498,28.826,true
96.000,ue4,-370.522,329.328,28.826,true
97.000,ue4,-371.149,328.168,28.826,true
98.000,ue4,-371.849,326.872,28.826,true
99.000,ue4,-372.487,325.692,28.826,true
100.000,ue4,-373.180,324.410,28.826,true
101.000,ue4,-373.883,323.108,28.826,true
102.000,ue4,-374.554,321.867,28.826,true
103.000,ue4,-375.244,320.590,28.826,true
104.000,ue4,-375.914,319.350,28.826,true
105.000,ue4,-376.532,318.208,28.826,true
106.000,ue4,-377.217,316.940,28.826,true
107.000,ue4,-377.924,315.632,28.826,true
108.000,ue4,-378.649,314.290,28.826,true
109.000,ue4,-379.052,312.958,28.826,true
110.000,ue4,-379.386,311.456,28.826,true
111.000,ue4,-379.667,310.190,28.826,true
112.000,ue4,-379.961,308.864,28.826,true
113.000,ue4,-380.237,307.621,28.827,true
114.000,ue4,-380.323,306.117,28.827,true
115.000,ue4,-380.265,304.693,28.827,true
116.000,ue4,-380.206,303.221,28.825,true
117.000,ue4,-380.147,301.759,28.796,true
118.000,ue4,-380.089,300.340,28.775,true
119.000,ue4,-380.034,298.984,28.759,true
120.000,ue4,-379.983,297.708,28.761,true
121.000,ue4,-379.932,296.450,28.761,true
122.000,ue4,-379.882,295.205,28.758,true
123.000,ue4,-379.828,293.893,28.758,true
124.000,ue4,-379.778,292.635,28.757,true
125.000,ue4,-379.720,291.199,28.757,true
126.000,ue4,-379.659,289.700,28.762,true
127.000,ue4,-379.605,288.366,28.771,true
128.000,ue4,-379.352,286.916,28.699,true
129.000,ue4,-378.105,286.670,28.664,true
130.000,ue4,-376.787,286.410,28.628,true
131.000,ue4,-375.555,286.167,28.593,true
132.000,ue4,-374.177,285.895,28.555,true
133.000,ue4,-372.842,285.631,28.518,true
134.000,ue4,-371.492,285.364,28.518,true
135.000,ue4,-370.260,285.121,28.603,true
136.000,ue4,-368.790,284.831,28.702,true
137.000,ue4,-367.511,284.578,28.702,true
138.000,ue4,-366.259,284.331,28.702,true
139.000,ue4,-364.763,284.036,28.702,true
140.000,ue4,-363.467,283.780,28.702,true
141.000,ue4,-362.124,283.605,28.702,true
142.000,ue4,-360.802,283.707,28.702,true
143.000,ue4,-359.529,283.805,28.702,true
144.000,ue4,-358.131,283.914,28.702,true
145.000,ue4,-356.757,284.020,28.702,true
146.000,ue4,-355.371,284.127,28.702,true
147.000,ue4,-354.076,284.227,28.702,true
148.000,ue4,-352.801,284.325,28.702,true
149.000,ue4,-351.473,284.428,28.702,true
150.000,ue4,-350.080,284.536,28.702,true
151.000,ue4,-348.572,284.652,28.687,true
152.000,ue4,-347.277,285.010,28.673,true
153.000,ue4,-346.059,285.747,28.694,true
154.000,ue4,-344.820,286.496,28.702,true
155.000,ue4,-343.731,287.156,28.697,true
156.000,ue4,-342.475,287.916,28.694,true
157.000,ue4,-342.136,288.601,28.694,true
158.000,ue4,-340.821,288.481,28.692,true
159.000,ue4,-339.730,288.382,28.352,true
160.000,ue4,-338.345,288.255,28.349,true
161.000,ue4,-336.922,288.125,28.349,true
162.000,ue4,-335.640,288.008,28.349,true
163.000,ue4,-334.285,287.884,28.349,true
164.000,ue4,-332.992,287.766,28.350,true
165.000,ue4,-331.564,287.636,28.350,true
166.000,ue4,-330.307,287.521,28.350,true
167.000,ue4,-328.863,287.389,28.350,true
168.000,ue4,-327.456,287.261,28.350,true
169.000,ue4,-325.956,287.124,28.350,true
170.000,ue4,-324.574,286.998,28.351,true
171.000,ue4,-323.087,286.862,28.351,true
172.000,ue4,-321.789,286.743,28.351,true
173.000,ue4,-320.330,286.610,28.351,true
174.000,ue4,-318.959,286.485,28.351,true
175.000,ue4,-317.582,286.359,28.351,true
176.000,ue4,-316.274,286.240,28.352,true
177.000,ue4,-315.005,286.124,28.352,true
178.000,ue4,-313.713,286.006,28.352,true
179.000,ue4,-312.273,285.874,28.352,true
18.000,ue5,-51.022,49.547,52.574,true
19.000,ue5,-52.295,49.927,52.574,true
20.000,ue5,-53.565,50.307,52.574,true
21.000,ue5,-54.836,50.687,52.563,true
22.000,ue5,-56.058,51.139,52.563,true
23.000,ue5,-56.047,52.479,52.563,true
24.000,ue5,-56.036,53.711,52.568,true
25.000,ue5,-56.025,55.007,52.572,true
26.000,ue5,-56.012,56.435,52.577,true
27.000,ue5,-55.999,57.892,52.582,true
28.000,ue5,-55.989,59.111,52.587,true
29.000,ue5,-55.976,60.586,52.592,true
30.000,ue5,-55.964,61.932,52.596,true
31.000,ue5,-55.952,63.246,52.601,true
32.000,ue5,-55.941,64.521,52.608,true
33.000,ue5,-55.930,65.875,52.619,true
34.000,ue5,-55.917,67.280,52.630,true
35.000,ue5,-55.906,68.507,52.640,true
36.000,ue5,-55.896,69.741,52.650,true
37.000,ue5,-55.885,70.999,52.660,true
38.000,ue5,-55.872,72.425,52.671,true
39.000,ue5,-55.860,73.816,52.683,true
40.000,ue5,-55.849,75.082,52.683,true
41.000,ue5,-55.837,76.424,52.643,true
42.000,ue5,-55.825,77.782,52.645,true
43.000,ue5,-55.813,79.145,52.577,true
44.000,ue5,-55.801,80.566,52.545,true
45.000,ue5,-55.789,81.896,52.545,true
46.000,ue5,-55.777,83.274,52.545,true
47.000,ue5,-55.764,84.770,52.545,true
48.000,ue5,-55.752,86.186,52.545,true
49.000,ue5,-55.741,87.483,52.545,true
50.000,ue5,-55.730,88.702,52.567,true
51.000,ue5,-55.719,89.941,52.587,true
52.000,ue5,-55.707,91.372,52.619,true
53.000,ue5,-55.694,92.850,52.727,true
54.000,ue5,-55.682,94.153,52.733,true
55.000,ue5,-55.671,95.451,52.746,true
56.000,ue5,-55.658,96.928,52.759,true
57.000,ue5,-55.646,98.266,52.758,true
58.000,ue5,-55.635,99.542,52.757,true
59.000,ue5,-55.624,100.781,52.756,true
60.000,ue5,-55.612,102.143,52.755,true
61.000,ue5,-55.602,103.360,52.754,true
62.000,ue5,-55.591,104.589,52.753,true
63.000,ue5,-55.580,105.855,52.753,true
64.000,ue5,-55.568,107.181,52.752,true
65.000,ue5,-55.557,108.423,52.751,true
66.000,ue5,-55.545,109.834,52.750,true
67.000,ue5,-55.532,111.287,52.749,true
68.000,ue5,-55.522,112.529,52.748,true
69.000,ue5,-55.509,113.940,52.747,true
70.000,ue5,-55.498,115.283,52.746,true
71.000,ue5,-55.486,116.585,52.743,true
72.000,ue5,-55.473,118.032,52.740,true
73.000,ue5,-55.514,119.418,52.737,true
74.000,ue5,-55.591,120.746,52.733,true
75.000,ue5,-55.669,122.078,52.729,true
76.000,ue5,-55.749,123.457,52.725,true
77.000,ue5,-55.821,124.692,52.722,true
78.000,ue5,-55.904,126.126,52.717,true
79.000,ue5,-55.990,127.596,52.713,true
80.000,ue5,-56.070,128.965,52.709,true
81.000,ue5,-56.153,130.406,52.710,true
82.000,ue5,-56.225,131.631,52.717,true
83.000,ue5,-56.375,133.097,52.714,true
84.000,ue5,-57.233,134.101,52.703,true
85.000,ue5,-58.120,135.140,52.695,true
86.000,ue5,-59.005,136.175,52.688,true
87.000,ue5,-59.936,137.264,52.675,true
88.000,ue5,-60.773,138.243,52.663,true
89.000,ue5,-61.617,139.231,52.640,true
90.000,ue5,-62.539,140.310,52.614,true
91.000,ue5,-63.494,141.428,52.619,true
92.000,ue5,-64.637,142.005,52.614,true
93.000,ue5,-65.942,142.384,52.606,true
94.000,ue5,-67.241,142.761,52.596,true
95.000,ue5,-68.459,142.978,52.553,true
96.000,ue5,-69.862,142.984,52.490,true
97.000,ue5,-71.283,142.990,52.422,true
98.000,ue5,-72.624,142.996,52.349,true
99.000,ue5,-73.986,143.002,52.216,true
100.000,ue5,-75.388,143.008,52.079,true
101.000,ue5,-76.779,143.014,51.950,true
102.000,ue5,-78.043,143.019,51.833,true
103.000,ue5,-79.474,143.026,51.689,true
104.000,ue5,-80.705,143.031,51.515,true
105.000,ue5,-82.086,143.037,51.323,true
106.000,ue5,-83.471,143.043,51.137,true
107.000,ue5,-84.953,143.049,50.938,true
108.000,ue5,-86.361,143.055,50.749,true
109.000,ue5,-87.581,143.061,50.611,true
110.000,ue5,-88.909,143.066,50.463,true
111.000,ue5,-90.127,143.072,50.328,true
112.000,ue5,-91.449,143.077,50.199,true
113.000,ue5,-92.850,143.083,50.063,true
114.000,ue5,-94.321,143.090,49.888,true
115.000,ue5,-95.556,143.095,49.703,true
116.000,ue5,-96.823,143.101,49.513,true
117.000,ue5,-98.286,143.107,49.294,true
118.000,ue5,-99.661,143.113,49.089,true
119.000,ue5,-101.080,143.119,48.868,true
120.000,ue5,-102.541,143.125,48.627,true
121.000,ue5,-103.931,143.131,48.397,true
122.000,ue5,-105.256,143.137,48.178,true
123.000,ue5,-106.589,143.143,47.958,true
124.000,ue5,-107.911,143.148,47.739,true
125.000,ue5,-109.134,143.154,47.507,true
126.000,ue5,-110.443,143.184,47.253,true
127.000,ue5,-111.679,143.301,47.007,true
128.000,ue5,-113.034,143.431,46.738,true
129.000,ue5,-114.322,143.553,46.482,true
130.000,ue5,-115.728,143.687,46.202,true
131.000,ue5,-117.148,143.822,45.927,true
132.000,ue5,-118.522,143.953,45.670,true
133.000,ue5,-119.938,144.088,45.405,true
134.000,ue5,-121.345,144.222,45.143,true
135.000,ue5,-122.616,144.343,44.905,true
136.000,ue5,-123.922,144.468,44.661,true
137.000,ue5,-125.267,144.596,44.410,true
138.000,ue5,-126.557,144.719,44.169,true
139.000,ue5,-127.774,144.835,43.941,true
140.000,ue5,-129.011,144.953,43.710,true
141.000,ue5,-130.207,145.136,43.479,true
142.000,ue5,-131.358,145.510,43.157,true
143.000,ue5,-132.519,145.887,42.812,true
144.000,ue5,-133.607,146.240,42.439,true
145.000,ue5,-134.906,146.662,42.001,true
146.000,ue5,-135.858,146.971,41.640,true
147.000,ue5,-136.604,147.213,41.078,true
148.000,ue5,-137.625,147.545,40.627,true
149.000,ue5,-138.218,147.738,39.960,true
150.000,ue5,-139.058,148.010,39.394,true
151.000,ue5,-139.833,148.262,38.966,true
152.000,ue5,-140.570,148.501,38.446,true
153.000,ue5,-141.161,148.693,37.830,true
154.000,ue5,-142.013,148.970,37.293,true
155.000,ue5,-142.927,149.267,36.776,true
156.000,ue5,-143.672,149.509,36.037,true
157.000,ue5,-144.497,149.777,35.608,true
158.000,ue5,-145.161,150.203,35.183,true
159.000,ue5,-145.703,150.719,34.435,true
160.000,ue5,-146.325,151.312,33.945,true
161.000,ue5,-146.931,151.890,33.524,true
162.000,ue5,-147.728,152.649,33.250,true
163.000,ue5,-148.703,153.577,33.260,true
164.000,ue5,-149.704,154.531,33.269,true
165.000,ue5,-150.639,155.326,33.245,true
166.000,ue5,-151.773,156.169,33.194,true
167.000,ue5,-152.766,156.908,33.143,true
168.000,ue5,-153.857,157.718,33.091,true
169.000,ue5,-154.841,158.450,33.043,true
170.000,ue5,-156.086,159.212,32.937,true
171.000,ue5,-157.532,159.202,32.871,true
172.000,ue5,-158.927,159.192,32.821,true
173.000,ue5,-160.151,159.184,32.773,true
174.000,ue5,-161.356,159.175,32.658,true
175.000,ue5,-162.557,159.167,32.542,true
176.000,ue5,-164.040,159.156,32.387,true
177.000,ue5,-165.320,159.147,32.214,true
178.000,ue5,-166.718,159.137,32.026,true
179.000,ue5,-168.003,159.128,31.861,true
21.000,ue6,-319.246,395.959,23.891,true
22.000,ue6,-319.275,394.769,23.545,true
23.000,ue6,-319.296,393.863,23.186,true
24.000,ue6,-319.331,392.411,23.186,true
25.000,ue6,-319.368,390.882,23.186,true
26.000,ue6,-319.399,389.595,23.186,true
27.000,ue6,-319.435,388.050,23.186,true
28.000,ue6,-319.469,386.635,23.186,true
29.000,ue6,-319.499,385.384,23.186,true
30.000,ue6,-319.535,383.910,23.186,true
31.000,ue6,-319.567,382.559,23.186,true
32.000,ue6,-319.597,381.284,23.186,true
33.000,ue6,-319.633,379.782,23.186,true
34.000,ue6,-319.669,378.291,23.186,true
35.000,ue6,-319.700,376.982,23.186,true
36.000,ue6,-319.733,375.613,23.153,true
37.000,ue6,-319.761,374.429,23.321,true
38.000,ue6,-319.792,373.150,23.321,true
39.000,ue6,-319.825,371.769,23.235,true
40.000,ue6,-319.852,370.645,23.312,true
41.000,ue6,-319.870,369.891,23.836,true
42.000,ue6,-319.893,368.945,24.184,true
43.000,ue6,-319.917,367.925,24.708,true
44.000,ue6,-319.943,366.848,25.047,true
45.000,ue6,-319.962,365.482,25.047,true
46.000,ue6,-321.185,364.573,25.043,true
47.000,ue6,-322.037,363.940,25.382,true
48.000,ue6,-322.697,363.449,25.897,true
49.000,ue6,-323.405,362.923,26.254,true
50.000,ue6,-324.093,362.411,26.672,true
51.000,ue6,-324.959,361.768,27.098,true
52.000,ue6,-325.958,361.025,27.098,true
53.000,ue6,-326.911,360.317,27.293,true
54.000,ue6,-327.500,359.879,27.799,true
55.000,ue6,-328.294,359.289,28.303,true
56.000,ue6,-329.126,358.670,28.800,true
57.000,ue6,-329.789,357.762,29.187,true
58.000,ue6,-330.305,356.391,29.187,true
59.000,ue6,-330.774,355.146,29.114,true
60.000,ue6,-331.077,354.341,29.599,true
61.000,ue6,-331.400,353.483,30.036,true
62.000,ue6,-331.819,352.368,30.220,true
63.000,ue6,-332.341,350.981,30.207,true
64.000,ue6,-332.815,349.723,30.195,true
65.000,ue6,-333.280,348.485,30.232,true
66.000,ue6,-334.292,347.763,30.231,true
67.000,ue6,-335.672,347.526,30.231,true
68.000,ue6,-336.916,347.312,30.231,true
69.000,ue6,-338.284,347.077,30.231,true
70.000,ue6,-339.654,346.841,30.231,true
71.000,ue6,-340.982,346.613,30.231,true
72.000,ue6,-342.430,346.363,30.231,true
73.000,ue6,-343.941,346.104,30.231,true
74.000,ue6,-345.268,345.875,30.231,true
75.000,ue6,-346.747,345.621,30.231,true
76.000,ue6,-348.192,345.372,30.231,true
77.000,ue6,-349.715,345.110,30.231,true
78.000,ue6,-350.962,344.896,30.232,true
79.000,ue6,-352.470,344.636,30.232,true
80.000,ue6,-353.701,344.425,30.232,true
81.000,ue6,-355.098,344.184,30.223,true
82.000,ue6,-356.168,344.000,30.042,true
83.000,ue6,-357.126,343.836,29.518,true
84.000,ue6,-358.015,343.683,28.984,true
85.000,ue6,-359.230,343.332,28.826,true
86.000,ue6,-360.345,342.615,28.826,true
87.000,ue6,-361.572,341.825,28.826,true
88.000,ue6,-362.804,341.031,28.826,true
89.000,ue6,-364.035,340.239,28.826,true
90.000,ue6,-365.184,339.223,28.826,true
91.000,ue6,-365.904,337.889,28.826,true
92.000,ue6,-366.570,336.657,28.826,true
93.000,ue6,-367.205,335.483,28.826,true
94.000,ue6,-367.837,334.313,28.826,true
95.000,ue6,-368.546,333.001,28.826,true
96.000,ue6,-369.244,331.710,28.826,true
97.000,ue6,-369.932,330.438,28.826,true
98.000,ue6,-370.600,329.200,28.826,true
99.000,ue6,-371.264,327.972,28.826,true
100.000,ue6,-371.857,326.875,28.826,true
101.000,ue6,-372.575,325.547,28.826,true
102.000,ue6,-373.304,324.198,28.826,true
103.000,ue6,-373.939,323.023,28.826,true
104.000,ue6,-374.638,321.730,28.826,true
105.000,ue6,-375.348,320.416,28.826,true
106.000,ue6,-376.007,319.197,28.826,true
107.000,ue6,-376.673,317.964,28.826,true
108.000,ue6,-377.342,316.725,28.826,true
109.000,ue6,-377.962,315.579,28.826,true
110.000,ue6,-378.556,314.479,28.826,true
111.000,ue6,-379.007,313.202,28.826,true
112.000,ue6,-379.289,311.934,28.826,true
113.000,ue6,-379.582,310.612,28.826,true
114.000,ue6,-379.889,309.230,28.826,true
115.000,ue6,-380.183,307.905,28.827,true
116.000,ue6,-380.350,306.576,28.827,true
117.000,ue6,-380.295,305.217,28.827,true
118.000,ue6,-380.245,303.978,28.827,true
119.000,ue6,-380.194,302.719,28.815,true
120.000,ue6,-380.141,301.395,28.788,true
121.000,ue6,-380.080,299.908,28.772,true
122.000,ue6,-380.024,298.501,28.759,true
123.000,ue6,-379.968,297.118,28.762,true
124.000,ue6,-379.907,295.614,28.759,true
125.000,ue6,-379.853,294.281,28.758,true
126.000,ue6,-379.799,292.953,28.757,true
127.000,ue6,-379.743,291.553,28.757,true
128.000,ue6,-379.690,290.254,28.759,true
129.000,ue6,-379.639,288.987,28.766,true
130.000,ue6,-379.588,287.736,28.752,true
131.000,ue6,-378.974,286.842,28.688,true
132.000,ue6,-377.492,286.549,28.647,true
133.000,ue6,-376.189,286.292,28.611,true
134.000,ue6,-374.716,286.001,28.570,true
135.000,ue6,-373.390,285.739,28.533,true
136.000,ue6,-371.893,285.443,28.507,true
137.000,ue6,-370.639,285.196,28.558,true
138.000,ue6,-369.388,284.949,28.702,true
139.000,ue6,-367.888,284.653,28.702,true
140.000,ue6,-366.478,284.374,28.702,true
141.000,ue6,-365.258,284.133,28.702,true
142.000,ue6,-363.923,283.870,28.702,true
143.000,ue6,-362.528,283.594,28.702,true
144.000,ue6,-361.040,283.691,28.702,true
145.000,ue6,-359.583,283.804,28.702,true
146.000,ue6,-358.105,283.918,28.702,true
147.000,ue6,-356.744,284.023,28.702,true
148.000,ue6,-355.482,284.120,28.702,true
149.000,ue6,-354.026,284.233,28.702,true
150.000,ue6,-352.536,284.348,28.702,true
151.000,ue6,-351.252,284.447,28.702,true
152.000,ue6,-349.889,284.553,28.702,true
153.000,ue6,-348.582,284.654,28.687,true
154.000,ue6,-347.300,285.002,28.673,true
155.000,ue6,-346.092,285.734,28.693,true
156.000,ue6,-344.882,286.466,28.702,true
157.000,ue6,-343.743,287.155,28.697,true
158.000,ue6,-342.613,287.839,28.695,true
159.000,ue6,-341.266,287.880,28.692,true
160.000,ue6,-340.140,287.777,28.417,true
161.000,ue6,-338.792,287.654,28.349,true
162.000,ue6,-337.365,287.524,28.349,true
163.000,ue6,-335.894,287.389,28.349,true
164.000,ue6,-334.388,287.252,28.349,true
165.000,ue6,-333.035,287.128,28.350,true
166.000,ue6,-331.971,287.031,28.350,true
167.000,ue6,-330.604,286.906,28.350,true
168.000,ue6,-329.438,286.800,28.350,true
169.000,ue6,-328.450,286.710,28.350,true
170.000,ue6,-327.298,286.604,28.350,true
171.000,ue6,-325.894,286.476,28.350,true
172.000,ue6,-324.728,286.370,28.351,true
173.000,ue6,-323.478,286.256,28.351,true
174.000,ue6,-322.522,286.168,28.351,true
175.000,ue6,-321.296,286.056,28.351,true
176.000,ue6,-320.223,285.958,28.351,true
177.000,ue6,-319.006,285.847,28.351,true
178.000,ue6,-317.928,285.749,28.351,true
179.000,ue6,-316.849,285.650,28.352,true
21.000,ue7,-51.622,49.561,52.574,true
22.000,ue7,-52.789,49.910,52.574,true
23.000,ue7,-53.804,50.213,52.574,true
24.000,ue7,-54.945,50.554,52.575,true
25.000,ue7,-56.073,50.891,52.563,true
26.000,ue7,-56.654,51.580,52.563,true
27.000,ue7,-56.643,52.840,52.565,true
28.000,ue7,-56.632,54.081,52.569,true
29.000,ue7,-56.621,55.305,52.573,true
30.000,ue7,-56.612,56.427,52.577,true
31.000,ue7,-56.602,57.479,52.581,true
32.000,ue7,-56.592,58.633,52.585,true
33.000,ue7,-56.583,59.656,52.588,true
34.000,ue7,-56.573,60.807,52.592,true
35.000,ue7,-56.564,61.877,52.596,true
36.000,ue7,-56.554,62.997,52.600,true
37.000,ue7,-56.544,64.119,52.605,true
38.000,ue7,-56.533,65.375,52.615,true
39.000,ue7,-56.523,66.605,52.625,true
40.000,ue7,-56.512,67.808,52.634,true
41.000,ue7,-56.502,68.971,52.644,true
42.000,ue7,-56.492,70.071,52.652,true
43.000,ue7,-56.483,71.167,52.661,true
44.000,ue7,-56.473,72.275,52.670,true
45.000,ue7,-56.463,73.415,52.679,true
46.000,ue7,-56.454,74.483,52.688,true
47.000,ue7,-56.444,75.603,52.645,true
48.000,ue7,-56.434,76.721,52.644,true
49.000,ue7,-56.425,77.776,52.644,true
50.000,ue7,-56.414,78.970,52.655,true
51.000,ue7,-56.405,80.000,52.545,true
52.000,ue7,-56.396,81.105,52.545,true
53.000,ue7,-56.385,82.317,52.545,true
54.000,ue7,-56.375,83.430,52.545,true
55.000,ue7,-56.365,84.636,52.545,true
56.000,ue7,-56.354,85.902,52.545,true
57.000,ue7,-56.343,87.105,52.545,true
58.000,ue7,-56.332,88.347,52.545,true
59.000,ue7,-56.323,89.426,52.576,true
60.000,ue7,-56.312,90.684,52.594,true
61.000,ue7,-56.301,91.941,52.660,true
62.000,ue7,-56.290,93.166,52.732,true
63.000,ue7,-56.281,94.275,52.733,true
64.000,ue7,-56.271,95.363,52.743,true
65.000,ue7,-56.260,96.586,52.759,true
66.000,ue7,-56.251,97.714,52.758,true
67.000,ue7,-56.240,98.914,52.758,true
68.000,ue7,-56.230,100.093,52.757,true
69.000,ue7,-56.219,101.272,52.756,true
70.000,ue7,-56.208,102.537,52.755,true
71.000,ue7,-56.198,103.699,52.754,true
72.000,ue7,-56.188,104.907,52.753,true
73.000,ue7,-56.178,105.978,52.752,true
74.000,ue7,-56.169,107.014,52.752,true
75.000,ue7,-56.159,108.205,52.751,true
76.000,ue7,-56.149,109.333,52.750,true
77.000,ue7,-56.139,110.519,52.749,true
78.000,ue7,-56.128,111.772,52.748,true
79.000,ue7,-56.117,113.028,52.747,true
80.000,ue7,-56.106,114.270,52.747,true
81.000,ue7,-56.095,115.483,52.745,true
82.000,ue7,-56.085,116.639,52.743,true
83.000,ue7,-56.076,117.663,52.741,true
84.000,ue7,-56.070,118.689,52.739,true
85.000,ue7,-56.132,119.754,52.736,true
86.000,ue7,-56.199,120.899,52.733,true
87.000,ue7,-56.262,121.992,52.730,true
88.000,ue7,-56.324,123.057,52.726,true
89.000,ue7,-56.388,124.144,52.723,true
90.000,ue7,-56.449,125.196,52.720,true
91.000,ue7,-56.519,126.398,52.717,true
92.000,ue7,-56.584,127.523,52.713,true
93.000,ue7,-56.650,128.651,52.710,true
94.000,ue7,-56.718,129.825,52.707,true
95.000,ue7,-56.789,131.045,52.714,true
96.000,ue7,-56.863,132.314,52.721,true
97.000,ue7,-57.218,133.396,52.710,true
98.000,ue7,-57.913,134.210,52.703,true
99.000,ue7,-58.627,135.045,52.696,true
100.000,ue7,-59.381,135.928,52.689,true
101.000,ue7,-60.103,136.772,52.681,true
102.000,ue7,-60.926,137.735,52.669,true
103.000,ue7,-61.691,138.630,52.656,true
104.000,ue7,-62.515,139.595,52.631,true
105.000,ue7,-63.253,140.458,52.611,true
106.000,ue7,-64.008,141.342,52.618,true
107.000,ue7,-65.090,141.976,52.615,true
108.000,ue7,-66.137,142.280,52.608,true
109.000,ue7,-67.317,142.623,52.600,true
110.000,ue7,-68.488,142.963,52.578,true
111.000,ue7,-69.618,142.994,52.528,true
112.000,ue7,-70.642,142.998,52.482,true
113.000,ue7,-71.665,143.003,52.434,true
114.000,ue7,-72.711,143.007,52.377,true
115.000,ue7,-73.757,143.012,52.303,true
116.000,ue7,-74.904,143.017,52.183,true
117.000,ue7,-76.039,143.022,52.074,true
118.000,ue7,-77.211,143.027,51.965,true
119.000,ue7,-78.330,143.032,51.862,true
120.000,ue7,-79.549,143.037,51.749,true
121.000,ue7,-80.629,143.042,51.610,true
122.000,ue7,-81.817,143.047,51.442,true
123.000,ue7,-83.027,143.052,51.277,true
124.000,ue7,-84.228,143.057,51.116,true
125.000,ue7,-85.402,143.062,50.958,true
126.000,ue7,-86.626,143.068,50.793,true
127.000,ue7,-87.807,143.073,50.652,true
128.000,ue7,-88.847,143.077,50.537,true
129.000,ue7,-89.907,143.082,50.419,true
130.000,ue7,-91.093,143.087,50.291,true
131.000,ue7,-92.135,143.091,50.190,true
132.000,ue7,-93.196,143.096,50.088,true
133.000,ue7,-94.227,143.100,49.988,true
134.000,ue7,-95.299,143.105,49.831,true
135.000,ue7,-96.374,143.110,49.670,true
136.000,ue7,-97.618,143.115,49.484,true
137.000,ue7,-98.746,143.120,49.315,true
138.000,ue7,-99.979,143.125,49.131,true
139.000,ue7,-101.190,143.130,48.949,true
140.000,ue7,-102.280,143.135,48.769,true
141.000,ue7,-103.382,143.140,48.587,true
142.000,ue7,-104.604,143.145,48.385,true
143.000,ue7,-105.645,143.150,48.213,true
144.000,ue7,-106.669,143.154,48.044,true
145.000,ue7,-107.809,143.159,47.856,true
146.000,ue7,-108.910,143.164,47.665,true
147.000,ue7,-110.111,143.169,47.435,true
148.000,ue7,-111.222,143.214,47.218,true
149.000,ue7,-112.264,143.314,47.010,true
150.000,ue7,-113.305,143.413,46.803,true
151.000,ue7,-114.396,143.517,46.586,true
152.000,ue7,-115.430,143.615,46.381,true
153.000,ue7,-116.643,143.731,46.140,true
154.000,ue7,-117.872,143.848,45.904,true
155.000,ue7,-119.005,143.956,45.692,true
156.000,ue7,-120.210,144.071,45.467,true
157.000,ue7,-121.419,144.186,45.241,true
158.000,ue7,-122.589,144.297,45.022,true
159.000,ue7,-123.677,144.401,44.819,true
160.000,ue7,-124.702,144.499,44.627,true
161.000,ue7,-125.909,144.614,44.402,true
162.000,ue7,-127.070,144.724,44.185,true
163.000,ue7,-128.291,144.841,43.956,true
164.000,ue7,-129.481,144.954,43.734,true
165.000,ue7,-130.514,145.054,43.539,true
166.000,ue7,-131.560,145.394,43.275,true
167.000,ue7,-132.636,145.744,42.955,true
168.000,ue7,-133.728,146.098,42.617,true
169.000,ue7,-134.811,146.450,42.228,true
170.000,ue7,-135.893,146.802,41.923,true
171.000,ue7,-136.608,147.034,41.498,true
172.000,ue7,-137.345,147.273,41.072,true
173.000,ue7,-137.942,147.467,40.652,true
174.000,ue7,-138.593,147.678,40.229,true
175.000,ue7,-139.199,147.875,39.809,true
176.000,ue7,-139.872,148.094,39.385,true
177.000,ue7,-140.502,148.298,38.963,true
178.000,ue7,-141.170,148.515,38.540,true
179.000,ue7,-141.760,148.707,37.990,true
12.000,ue8,-116.867,165.115,33.098,true
13.000,ue8,-118.001,164.921,33.098,true
14.000,ue8,-119.174,164.720,33.098,true
15.000,ue8,-120.313,164.526,33.098,true
16.000,ue8,-121.699,164.289,33.098,true
17.000,ue8,-122.853,164.091,33.098,true
18.000,ue8,-124.200,163.861,33.098,true
19.000,ue8,-125.432,163.650,33.098,true
20.000,ue8,-126.713,163.431,33.098,true
21.000,ue8,-127.842,163.238,33.098,true
22.000,ue8,-129.126,163.019,33.098,true
23.000,ue8,-130.356,162.808,33.098,true
24.000,ue8,-131.578,162.599,33.098,true
25.000,ue8,-132.757,162.398,33.098,true
26.000,ue8,-134.054,162.146,33.098,true
27.000,ue8,-135.314,161.590,33.098,true
28.000,ue8,-136.583,161.030,33.098,true
29.000,ue8,-137.765,160.508,33.098,true
30.000,ue8,-138.924,159.997,33.098,true
31.000,ue8,-140.004,159.520,33.098,true
32.000,ue8,-141.260,158.966,33.098,true
33.000,ue8,-142.302,158.506,33.098,true
34.000,ue8,-143.358,158.041,33.098,true
35.000,ue8,-144.392,157.584,33.098,true
36.000,ue8,-145.628,157.039,33.098,true
37.000,ue8,-146.740,156.548,33.098,true
38.000,ue8,-147.701,156.124,33.250,true
39.000,ue8,-148.791,155.643,33.258,true
40.000,ue8,-150.037,155.093,33.268,true
41.000,ue8,-150.430,154.377,33.271,true
42.000,ue8,-149.499,153.491,33.262,true
43.000,ue8,-148.614,152.647,33.253,true
44.000,ue8,-147.786,151.859,33.475,true
45.000,ue8,-147.120,151.224,33.936,true
46.000,ue8,-146.464,150.600,34.360,true
47.000,ue8,-145.772,149.940,34.829,true
48.000,ue8,-145.222,149.516,35.524,true
49.000,ue8,-144.504,149.282,36.025,true
50.000,ue8,-143.712,149.025,36.453,true
51.000,ue8,-142.870,148.752,36.981,true
52.000,ue8,-142.279,148.560,37.592,true
53.000,ue8,-141.549,148.323,38.126,true
54.000,ue8,-140.851,148.096,38.550,true
55.000,ue8,-140.053,147.837,38.979,true
56.000,ue8,-139.334,147.603,39.527,true
57.000,ue8,-138.711,147.401,40.222,true
58.000,ue8,-137.756,147.091,40.656,true
59.000,ue8,-136.979,146.839,41.220,true
60.000,ue8,-136.269,146.608,41.906,true
61.000,ue8,-135.010,146.199,42.140,true
62.000,ue8,-133.933,145.849,42.514,true
63.000,ue8,-132.892,145.511,42.859,true
64.000,ue8,-131.788,145.152,43.186,true
65.000,ue8,-130.601,144.767,43.510,true
66.000,ue8,-129.400,144.611,43.731,true
67.000,ue8,-128.107,144.488,43.973,true
68.000,ue8,-126.853,144.369,44.207,true
69.000,ue8,-125.604,144.250,44.441,true
70.000,ue8,-124.415,144.137,44.663,true
71.000,ue8,-123.288,144.029,44.873,true
72.000,ue8,-122.171,143.923,45.082,true
73.000,ue8,-121.007,143.812,45.300,true
74.000,ue8,-119.640,143.682,45.555,true
75.000,ue8,-118.439,143.567,45.780,true
76.000,ue8,-117.261,143.455,46.000,true
77.000,ue8,-116.022,143.337,46.244,true
78.000,ue8,-114.858,143.226,46.475,true
79.000,ue8,-113.739,143.120,46.698,true
80.000,ue8,-112.630,143.014,46.918,true
81.000,ue8,-111.407,142.897,47.162,true
82.000,ue8,-110.094,142.825,47.417,true
83.000,ue8,-108.799,142.819,47.666,true
84.000,ue8,-107.594,142.814,47.873,true
85.000,ue8,-106.379,142.809,48.074,true
86.000,ue8,-105.016,142.803,48.299,true
87.000,ue8,-103.701,142.797,48.517,true
88.000,ue8,-102.442,142.792,48.725,true
89.000,ue8,-101.141,142.786,48.940,true
90.000,ue8,-99.998,142.781,49.112,true
91.000,ue8,-98.821,142.776,49.288,true
92.000,ue8,-97.426,142.770,49.497,true
93.000,ue8,-96.308,142.765,49.664,true
94.000,ue8,-95.068,142.760,49.850,true
95.000,ue8,-93.807,142.755,50.018,true
96.000,ue8,-92.530,142.749,50.142,true
97.000,ue8,-91.327,142.744,50.258,true
98.000,ue8,-90.051,142.738,50.391,true
99.000,ue8,-88.797,142.733,50.530,true
100.000,ue8,-87.605,142.728,50.663,true
101.000,ue8,-86.307,142.722,50.822,true
102.000,ue8,-84.912,142.716,51.009,true
103.000,ue8,-83.767,142.711,51.163,true
104.000,ue8,-82.614,142.706,51.318,true
105.000,ue8,-81.398,142.701,51.486,true
106.000,ue8,-80.007,142.695,51.683,true
107.000,ue8,-78.695,142.689,51.818,true
108.000,ue8,-77.337,142.683,51.944,true
109.000,ue8,-76.165,142.678,52.052,true
110.000,ue8,-75.027,142.673,52.159,true
111.000,ue8,-73.765,142.668,52.291,true
112.000,ue8,-72.577,142.663,52.379,true
113.000,ue8,-71.438,142.658,52.440,true
114.000,ue8,-70.053,142.652,52.504,true
115.000,ue8,-68.807,142.647,52.560,true
116.000,ue8,-67.724,142.423,52.596,true
117.000,ue8,-66.509,142.070,52.605,true
118.000,ue8,-65.216,141.694,52.613,true
119.000,ue8,-64.219,141.305,52.620,true
120.000,ue8,-63.458,140.415,52.612,true
121.000,ue8,-62.555,139.358,52.629,true
122.000,ue8,-61.669,138.321,52.656,true
123.000,ue8,-60.777,137.277,52.671,true
124.000,ue8,-59.916,136.270,52.683,true
125.000,ue8,-59.177,135.405,52.691,true
126.000,ue8,-58.272,134.346,52.699,true
127.000,ue8,-57.405,133.332,52.707,true
128.000,ue8,-56.888,132.300,52.720,true
129.000,ue8,-56.807,130.916,52.714,true
130.000,ue8,-56.727,129.533,52.707,true
131.000,ue8,-56.659,128.370,52.710,true
132.000,ue8,-56.584,127.084,52.714,true
133.000,ue8,-56.503,125.686,52.718,true
134.000,ue8,-56.424,124.324,52.722,true
135.000,ue8,-56.350,123.050,52.726,true
136.000,ue8,-56.274,121.741,52.730,true
137.000,ue8,-56.192,120.346,52.734,true
138.000,ue8,-56.116,119.034,52.738,true
139.000,ue8,-56.085,117.904,52.740,true
140.000,ue8,-56.095,116.666,52.743,true
141.000,ue8,-56.107,115.297,52.745,true
142.000,ue8,-56.119,113.911,52.747,true
143.000,ue8,-56.131,112.552,52.748,true
144.000,ue8,-56.144,111.145,52.749,true
145.000,ue8,-56.154,109.993,52.749,true
146.000,ue8,-56.166,108.611,52.750,true
147.000,ue8,-56.178,107.206,52.751,true
148.000,ue8,-56.190,105.901,52.752,true
149.000,ue8,-56.201,104.559,52.753,true
150.000,ue8,-56.211,103.394,52.754,true
151.000,ue8,-56.221,102.262,52.755,true
152.000,ue8,-56.233,100.876,52.756,true
153.000,ue8,-56.245,99.574,52.757,true
154.000,ue8,-56.256,98.273,52.758,true
155.000,ue8,-56.267,97.065,52.759,true
156.000,ue8,-56.278,95.726,52.759,true
157.000,ue8,-56.289,94.559,52.733,true
158.000,ue8,-56.301,93.164,52.733,true
159.000,ue8,-56.313,91.831,52.669,true
160.000,ue8,-56.323,90.617,52.595,true
161.000,ue8,-56.334,89.323,52.578,true
162.000,ue8,-56.345,88.068,52.545,true
163.000,ue8,-56.356,86.825,52.545,true
164.000,ue8,-56.368,85.494,52.545,true
165.000,ue8,-56.379,84.182,52.545,true
166.000,ue8,-56.391,82.831,52.545,true
27.000,ue9,-313.587,407.216,23.186,true
28.000,ue9,-312.781,406.402,23.186,true
29.000,ue9,-311.860,405.473,23.186,true
30.000,ue9,-310.962,404.567,23.186,true
31.000,ue9,-310.115,403.713,23.186,true
32.000,ue9,-309.316,402.907,23.186,true
33.000,ue9,-308.505,402.090,23.186,true
34.000,ue9,-307.659,401.236,23.186,true
35.000,ue9,-306.799,400.369,23.186,true
36.000,ue9,-305.883,399.445,23.186,true
37.000,ue9,-305.082,398.636,23.186,true
38.000,ue9,-304.136,397.682,23.186,true
39.000,ue9,-303.279,396.818,23.186,true
40.000,ue9,-302.470,396.002,23.186,true
41.000,ue9,-301.666,395.191,23.186,true
42.000,ue9,-300.776,394.293,23.186,true
43.000,ue9,-299.933,393.443,23.186,true
44.000,ue9,-299.035,392.537,23.186,true
45.000,ue9,-298.189,391.684,23.186,true
46.000,ue9,-297.234,390.720,23.186,true
47.000,ue9,-296.313,389.791,23.186,true
48.000,ue9,-295.378,388.848,23.186,true
49.000,ue9,-294.553,388.017,23.186,true
50.000,ue9,-293.778,387.234,23.186,true
51.000,ue9,-292.976,386.425,23.186,true
52.000,ue9,-292.155,385.598,23.186,true
53.000,ue9,-291.373,384.808,23.186,true
54.000,ue9,-290.457,383.885,23.186,true
55.000,ue9,-289.575,382.995,23.186,true
56.000,ue9,-288.786,382.199,23.186,true
57.000,ue9,-287.924,381.330,23.186,true
58.000,ue9,-287.133,380.532,23.186,true
59.000,ue9,-286.304,379.696,23.186,true
60.000,ue9,-285.483,378.868,23.186,true
61.000,ue9,-284.581,377.958,23.186,true
62.000,ue9,-283.667,377.036,23.186,true
63.000,ue9,-282.862,376.224,23.186,true
64.000,ue9,-281.951,375.305,23.186,true
65.000,ue9,-281.143,374.490,23.186,true
66.000,ue9,-280.267,373.606,23.186,true
67.000,ue9,-279.495,372.828,23.186,true
68.000,ue9,-278.567,371.892,23.186,true
69.000,ue9,-277.785,371.103,23.245,true
70.000,ue9,-277.025,370.504,23.629,true
71.000,ue9,-276.195,369.938,23.843,true
72.000,ue9,-275.417,369.408,24.085,true
73.000,ue9,-274.670,368.899,24.276,true
74.000,ue9,-273.798,368.305,24.452,true
75.000,ue9,-273.078,367.815,24.749,true
76.000,ue9,-272.485,367.411,25.310,true
77.000,ue9,-271.858,366.983,25.670,true
78.000,ue9,-271.169,366.514,25.967,true
79.000,ue9,-270.502,366.059,26.321,true
80.000,ue9,-269.775,365.564,26.701,true
81.000,ue9,-269.238,365.198,27.200,true
82.000,ue9,-268.458,364.667,27.604,true
83.000,ue9,-267.639,364.109,27.830,true
84.000,ue9,-267.152,363.777,28.364,true
85.000,ue9,-266.502,363.334,28.880,true
86.000,ue9,-265.308,362.725,28.883,true
87.000,ue9,-264.220,362.796,29.074,true
88.000,ue9,-262.902,362.882,29.049,true
89.000,ue9,-261.586,362.968,29.030,true
90.000,ue9,-260.453,363.042,29.045,true
91.000,ue9,-259.258,363.120,29.039,true
92.000,ue9,-258.049,363.199,29.033,true
93.000,ue9,-256.887,363.276,29.027,true
94.000,ue9,-255.705,363.353,29.021,true
95.000,ue9,-254.524,363.430,29.016,true
96.000,ue9,-253.371,363.506,29.023,true
97.000,ue9,-252.756,363.188,29.033,true
98.000,ue9,-252.761,362.031,29.034,true
99.000,ue9,-252.766,360.885,29.034,true
100.000,ue9,-252.771,359.681,29.005,true
101.000,ue9,-252.777,358.347,28.970,true
102.000,ue9,-252.783,357.107,28.964,true
103.000,ue9,-252.788,355.972,28.964,true
104.000,ue9,-252.793,354.801,28.964,true
105.000,ue9,-252.797,353.675,28.917,true
106.000,ue9,-252.803,352.388,28.882,true
107.000,ue9,-252.808,351.204,28.849,true
108.000,ue9,-252.813,350.095,28.818,true
109.000,ue9,-252.818,348.926,28.786,true
110.000,ue9,-252.823,347.750,28.743,true
111.000,ue9,-252.511,346.588,28.734,true
112.000,ue9,-252.129,345.548,28.722,true
113.000,ue9,-251.733,344.471,28.715,true
114.000,ue9,-251.287,343.257,28.741,true
115.000,ue9,-250.890,342.173,28.742,true
116.000,ue9,-250.435,340.937,28.743,true
117.000,ue9,-250.033,339.840,28.743,true
118.000,ue9,-249.635,338.756,28.755,true
119.000,ue9,-249.221,337.628,28.770,true
120.000,ue9,-248.767,336.393,28.783,true
121.000,ue9,-248.377,335.331,28.786,true
122.000,ue9,-248.095,334.079,28.789,true
123.000,ue9,-248.099,332.981,28.792,true
124.000,ue9,-248.104,331.881,28.796,true
125.000,ue9,-248.109,330.667,28.800,true
126.000,ue9,-248.115,329.364,28.800,true
127.000,ue9,-248.120,328.273,28.800,true
128.000,ue9,-248.125,327.122,28.800,true
129.000,ue9,-248.131,325.783,28.801,true
130.000,ue9,-248.136,324.546,28.801,true
131.000,ue9,-248.141,323.277,28.801,true
132.000,ue9,-248.146,322.175,28.801,true
133.000,ue9,-248.152,320.861,28.802,true
134.000,ue9,-248.157,319.645,28.802,true
135.000,ue9,-248.162,318.398,28.802,true
136.000,ue9,-248.167,317.247,28.803,true
137.000,ue9,-248.173,315.927,28.803,true
138.000,ue9,-248.178,314.685,28.803,true
139.000,ue9,-248.184,313.359,28.803,true
140.000,ue9,-248.190,312.020,28.804,true
141.000,ue9,-248.195,310.898,28.804,true
142.000,ue9,-248.200,309.777,28.804,true
143.000,ue9,-248.205,308.443,28.805,true
144.000,ue9,-248.210,307.279,28.805,true
145.000,ue9,-248.216,306.008,28.805,true
146.000,ue9,-248.221,304.891,28.805,true
147.000,ue9,-248.226,303.624,28.806,true
148.000,ue9,-248.232,302.347,28.806,true
149.000,ue9,-248.237,301.058,28.806,true
150.000,ue9,-248.243,299.790,28.806,true
151.000,ue9,-248.248,298.477,28.807,true
152.000,ue9,-248.253,297.352,28.807,true
153.000,ue9,-248.258,296.242,28.807,true
154.000,ue9,-248.263,295.114,28.808,true
155.000,ue9,-248.060,293.901,28.808,true
156.000,ue9,-247.869,292.803,28.808,true
157.000,ue9,-247.654,291.567,28.808,true
158.000,ue9,-247.444,290.363,28.809,true
159.000,ue9,-247.256,289.281,28.809,true
160.000,ue9,-247.028,287.974,28.811,true
161.000,ue9,-246.828,286.826,28.814,true
162.000,ue9,-246.603,285.532,28.815,true
163.000,ue9,-246.408,284.414,28.813,true
164.000,ue9,-246.220,283.335,28.811,true
165.000,ue9,-246.012,282.139,28.809,true
166.000,ue9,-245.785,280.831,28.807,true
167.000,ue9,-245.585,279.687,28.806,true
168.000,ue9,-245.393,278.584,28.804,true
169.000,ue9,-246.233,278.292,28.817,true
170.000,ue9,-247.511,278.195,28.832,true
171.000,ue9,-248.820,278.096,28.846,true
172.000,ue9,-249.944,278.011,28.836,true
173.000,ue9,-251.089,277.924,28.825,true
174.000,ue9,-252.323,277.831,28.813,true
175.000,ue9,-253.540,277.739,28.802,true
176.000,ue9,-254.706,277.651,28.790,true
177.000,ue9,-255.802,277.568,28.780,true
178.000,ue9,-257.031,277.475,28.768,true
179.000,ue9,-258.298,277.379,28.755,true
27.000,ue10,-77.738,51.452,52.589,true
28.000,ue10,-76.622,51.498,52.458,true
29.000,ue10,-75.512,51.544,52.482,true
30.000,ue10,-74.418,51.589,52.506,true
31.000,ue10,-73.318,51.634,52.536,true
32.000,ue10,-72.164,51.682,52.555,true
33.000,ue10,-71.107,52.029,52.573,true
34.000,ue10,-71.147,53.099,52.571,true
35.000,ue10,-71.197,54.385,52.569,true
36.000,ue10,-71.239,55.494,52.568,true
37.000,ue10,-71.284,56.670,52.569,true
38.000,ue10,-71.326,57.776,52.569,true
39.000,ue10,-71.367,58.832,52.570,true
40.000,ue10,-71.414,60.084,52.571,true
41.000,ue10,-71.463,61.363,52.571,true
42.000,ue10,-71.504,62.425,52.569,true
43.000,ue10,-71.547,63.555,52.567,true
44.000,ue10,-71.595,64.798,52.570,true
45.000,ue10,-71.636,65.883,52.573,true
46.000,ue10,-71.682,67.095,52.577,true
47.000,ue10,-71.726,68.226,52.577,true
48.000,ue10,-71.773,69.474,52.575,true
49.000,ue10,-71.817,70.622,52.578,true
50.000,ue10,-71.858,71.686,52.583,true
51.000,ue10,-71.899,72.761,52.587,true
52.000,ue10,-71.947,74.014,52.585,true
53.000,ue10,-71.995,75.282,52.577,true
54.000,ue10,-72.044,76.555,52.582,true
55.000,ue10,-72.086,77.644,52.586,true
56.000,ue10,-72.133,78.884,52.591,true
57.000,ue10,-72.166,80.104,52.595,true
58.000,ue10,-72.124,81.412,52.614,true
59.000,ue10,-72.089,82.466,52.614,true
60.000,ue10,-72.051,83.631,52.614,true
61.000,ue10,-72.012,84.844,52.616,true
62.000,ue10,-71.973,86.018,52.598,true
63.000,ue10,-71.932,87.292,52.606,true
64.000,ue10,-71.894,88.446,52.610,true
65.000,ue10,-71.859,89.513,52.614,true
66.000,ue10,-71.819,90.750,52.617,true
67.000,ue10,-71.783,91.838,52.693,true
68.000,ue10,-71.747,92.971,52.694,true
69.000,ue10,-71.708,94.158,52.694,true
70.000,ue10,-71.672,95.261,52.695,true
71.000,ue10,-71.635,96.386,52.696,true
72.000,ue10,-71.592,97.702,52.697,true
73.000,ue10,-71.550,99.001,52.698,true
74.000,ue10,-71.515,100.079,52.698,true
75.000,ue10,-71.474,101.315,52.699,true
76.000,ue10,-71.434,102.544,52.700,true
77.000,ue10,-71.396,103.728,52.701,true
78.000,ue10,-71.357,104.925,52.702,true
79.000,ue10,-71.321,106.019,52.703,true
80.000,ue10,-71.283,107.166,52.704,true
81.000,ue10,-71.243,108.392,52.705,true
82.000,ue10,-71.204,109.590,52.706,true
83.000,ue10,-71.170,110.657,52.707,true
84.000,ue10,-71.181,111.961,52.708,true
85.000,ue10,-71.339,113.170,52.709,true
86.000,ue10,-71.488,114.302,52.699,true
87.000,ue10,-71.647,115.525,52.676,true
88.000,ue10,-71.797,116.669,52.660,true
89.000,ue10,-71.958,117.903,52.643,true
90.000,ue10,-72.128,119.201,52.620,true
91.000,ue10,-72.284,120.398,52.604,true
92.000,ue10,-72.432,121.524,52.597,true
93.000,ue10,-72.609,122.761,52.597,true
94.000,ue10,-73.148,123.789,52.574,true
95.000,ue10,-73.642,124.731,52.528,true
96.000,ue10,-74.191,125.780,52.500,true
97.000,ue10,-74.731,126.811,52.474,true
98.000,ue10,-75.417,127.884,52.441,true
99.000,ue10,-76.578,128.148,52.401,true
100.000,ue10,-77.613,128.382,52.307,true
101.000,ue10,-78.870,128.667,52.217,true
102.000,ue10,-79.932,128.908,52.164,true
103.000,ue10,-80.983,129.146,52.106,true
104.000,ue10,-82.200,129.422,52.014,true
105.000,ue10,-83.463,129.692,51.850,true
106.000,ue10,-84.556,129.712,51.695,true
107.000,ue10,-85.700,129.733,51.552,true
108.000,ue10,-86.951,129.756,51.396,true
109.000,ue10,-88.206,129.779,51.213,true
110.000,ue10,-89.381,129.801,51.010,true
111.000,ue10,-90.670,129.824,50.788,true
112.000,ue10,-91.758,129.844,50.600,true
113.000,ue10,-93.049,129.868,50.377,true
114.000,ue10,-94.155,129.888,50.187,true
115.000,ue10,-95.451,129.912,49.963,true
116.000,ue10,-96.493,129.931,49.783,true
117.000,ue10,-97.545,129.951,49.600,true
118.000,ue10,-98.639,129.971,49.407,true
119.000,ue10,-99.754,129.991,49.210,true
120.000,ue10,-100.941,130.013,49.001,true
121.000,ue10,-102.124,130.035,48.792,true
122.000,ue10,-103.220,130.055,48.599,true
123.000,ue10,-104.506,130.079,48.372,true
124.000,ue10,-105.775,130.102,48.137,true
125.000,ue10,-106.832,130.122,47.936,true
126.000,ue10,-107.937,130.142,47.727,true
127.000,ue10,-108.977,130.161,47.529,true
128.000,ue10,-110.257,130.185,47.287,true
129.000,ue10,-111.374,130.205,47.075,true
130.000,ue10,-112.461,130.225,46.869,true
131.000,ue10,-113.520,130.245,46.668,true
132.000,ue10,-114.736,130.267,46.438,true
133.000,ue10,-116.023,130.291,46.197,true
134.000,ue10,-117.257,130.314,45.966,true
135.000,ue10,-118.350,130.334,45.761,true
136.000,ue10,-119.442,130.354,45.556,true
137.000,ue10,-120.502,130.373,45.358,true
138.000,ue10,-121.756,130.396,45.123,true
139.000,ue10,-122.924,130.418,44.908,true
140.000,ue10,-124.163,130.441,44.685,true
141.000,ue10,-125.228,130.460,44.492,true
142.000,ue10,-126.499,130.484,44.262,true
143.000,ue10,-127.724,130.506,44.041,true
144.000,ue10,-128.881,130.527,43.832,true
145.000,ue10,-129.964,130.547,43.636,true
146.000,ue10,-131.194,130.570,43.414,true
147.000,ue10,-132.350,130.591,43.203,true
148.000,ue10,-133.438,130.611,43.004,true
149.000,ue10,-134.554,130.632,42.800,true
150.000,ue10,-135.641,130.652,42.602,true
151.000,ue10,-136.722,130.672,42.404,true
152.000,ue10,-137.986,130.695,42.173,true
153.000,ue10,-139.123,130.716,41.966,true
154.000,ue10,-140.381,130.739,41.725,true
155.000,ue10,-141.612,130.762,41.486,true
156.000,ue10,-142.797,130.784,41.256,true
157.000,ue10,-143.957,130.805,41.031,true
158.000,ue10,-145.180,130.827,40.793,true
159.000,ue10,-146.463,130.851,40.544,true
160.000,ue10,-147.671,130.873,40.310,true
161.000,ue10,-148.952,130.897,40.063,true
162.000,ue10,-150.141,130.919,39.839,true
163.000,ue10,-151.276,130.940,39.626,true
164.000,ue10,-152.501,130.962,39.395,true
165.000,ue10,-153.545,130.981,39.199,true
166.000,ue10,-154.807,131.005,38.961,true
167.000,ue10,-155.977,131.026,38.741,true
168.000,ue10,-157.070,131.046,38.524,true
169.000,ue10,-158.171,131.067,38.277,true
170.000,ue10,-159.275,131.087,38.028,true
171.000,ue10,-160.553,131.110,37.741,true
172.000,ue10,-161.725,131.132,37.477,true
173.000,ue10,-162.764,131.151,37.242,true
174.000,ue10,-163.986,131.174,36.965,true
175.000,ue10,-165.057,131.193,36.722,true
176.000,ue10,-166.158,131.214,36.473,true
177.000,ue10,-167.410,131.237,36.190,true
178.000,ue10,-168.654,131.296,35.917,true
179.000,ue10,-169.731,131.448,35.682,true
30.000,ue11,-314.643,411.218,23.186,true
31.000,ue11,-313.733,412.133,23.186,true
32.000,ue11,-312.884,412.987,23.186,true
33.000,ue11,-311.977,413.901,23.186,true
34.000,ue11,-311.102,414.781,23.186,true
35.000,ue11,-310.157,415.732,23.186,true
36.000,ue11,-309.105,416.790,23.186,true
37.000,ue11,-308.212,417.689,23.186,true
38.000,ue11,-307.243,418.664,23.186,true
39.000,ue11,-306.387,419.525,23.186,true
40.000,ue11,-305.530,420.388,23.186,true
41.000,ue11,-304.661,421.262,23.186,true
42.000,ue11,-303.643,422.286,23.186,true
43.000,ue11,-302.604,423.331,23.186,true
44.000,ue11,-301.670,424.271,23.186,true
45.000,ue11,-300.717,425.230,23.186,true
46.000,ue11,-299.849,426.103,23.186,true
47.000,ue11,-298.927,427.031,23.186,true
48.000,ue11,-297.943,428.022,23.177,true
49.000,ue11,-296.913,429.058,23.130,true
50.000,ue11,-295.978,429.999,23.235,true
51.000,ue11,-295.102,430.880,23.276,true
52.000,ue11,-294.169,431.458,23.310,true
53.000,ue11,-292.727,431.451,23.355,true
54.000,ue11,-291.249,431.445,23.402,true
55.000,ue11,-289.974,431.439,23.464,true
56.000,ue11,-288.657,431.434,23.587,true
57.000,ue11,-287.195,431.427,23.731,true
58.000,ue11,-285.826,431.421,23.871,true
59.000,ue11,-284.623,431.416,24.017,true
60.000,ue11,-283.378,431.411,24.195,true
61.000,ue11,-281.987,431.405,24.394,true
62.000,ue11,-280.593,431.399,24.598,true
63.000,ue11,-279.146,431.393,24.823,true
64.000,ue11,-277.783,431.387,25.035,true
65.000,ue11,-276.361,431.381,25.257,true
66.000,ue11,-274.923,431.374,25.480,true
67.000,ue11,-273.519,431.368,25.694,true
68.000,ue11,-272.112,431.362,25.908,true
69.000,ue11,-270.786,431.357,26.110,true
70.000,ue11,-269.539,431.351,26.293,true
71.000,ue11,-268.312,431.346,26.473,true
72.000,ue11,-266.932,431.340,26.676,true
73.000,ue11,-265.653,431.334,26.863,true
74.000,ue11,-264.321,431.329,27.061,true
75.000,ue11,-263.105,431.323,27.247,true
76.000,ue11,-261.873,431.318,27.434,true
77.000,ue11,-260.679,431.313,27.616,true
78.000,ue11,-259.435,431.308,27.799,true
79.000,ue11,-258.021,431.301,28.007,true
80.000,ue11,-256.688,431.296,28.202,true
81.000,ue11,-255.318,431.290,28.403,true
82.000,ue11,-254.062,431.284,28.578,true
83.000,ue11,-252.723,431.332,28.647,true
84.000,ue11,-252.723,430.087,28.709,true
85.000,ue11,-252.723,428.878,28.755,true
86.000,ue11,-252.723,427.642,28.760,true
87.000,ue11,-252.723,426.260,28.830,true
88.000,ue11,-252.723,424.937,28.877,true
89.000,ue11,-252.723,423.706,28.921,true
90.000,ue11,-252.722,422.294,28.971,true
91.000,ue11,-252.722,420.834,29.013,true
92.000,ue11,-252.722,419.453,29.013,true
93.000,ue11,-252.722,418.098,29.013,true
94.000,ue11,-252.722,416.656,29.013,true
95.000,ue11,-252.722,415.164,29.013,true
96.000,ue11,-252.722,413.720,29.013,true
97.000,ue11,-252.722,412.424,29.013,true
98.000,ue11,-252.722,410.996,29.013,true
99.000,ue11,-252.722,409.591,29.013,true
100.000,ue11,-252.721,408.382,29.013,true
101.000,ue11,-252.721,406.924,29.013,true
102.000,ue11,-252.721,405.461,29.013,true
103.000,ue11,-252.721,404.158,29.013,true
104.000,ue11,-252.721,402.886,29.013,true
105.000,ue11,-252.721,401.396,29.013,true
106.000,ue11,-252.721,400.123,29.013,true
107.000,ue11,-252.721,398.689,29.013,true
108.000,ue11,-252.721,397.321,29.013,true
109.000,ue11,-252.721,395.884,29.013,true
110.000,ue11,-252.721,394.625,29.013,true
111.000,ue11,-252.720,393.219,29.013,true
112.000,ue11,-252.720,392.014,29.013,true
113.000,ue11,-252.720,390.810,29.013,true
114.000,ue11,-252.720,389.470,29.013,true
115.000,ue11,-252.720,388.179,29.013,true
116.000,ue11,-252.720,386.819,29.013,true
117.000,ue11,-252.720,385.590,29.013,true
118.000,ue11,-252.720,384.351,29.013,true
119.000,ue11,-252.720,383.044,29.013,true
120.000,ue11,-252.720,381.807,29.013,true
121.000,ue11,-252.720,380.558,29.013,true
122.000,ue11,-252.720,379.245,29.013,true
123.000,ue11,-252.719,378.028,29.013,true
124.000,ue11,-252.719,376.768,29.013,true
125.000,ue11,-252.719,375.534,29.013,true
126.000,ue11,-252.719,374.070,29.013,true
127.000,ue11,-252.719,372.724,29.013,true
128.000,ue11,-252.719,371.409,29.013,true
129.000,ue11,-252.719,370.046,29.013,true
130.000,ue11,-252.719,368.677,29.013,true
131.000,ue11,-252.719,367.257,29.015,true
132.000,ue11,-252.719,365.781,29.022,true
133.000,ue11,-252.719,364.307,29.029,true
134.000,ue11,-252.719,363.019,29.033,true
135.000,ue11,-252.725,361.595,29.034,true
136.000,ue11,-252.731,360.260,29.032,true
137.000,ue11,-252.736,359.060,29.001,true
138.000,ue11,-252.742,357.682,28.966,true
139.000,ue11,-252.748,356.328,28.964,true
140.000,ue11,-252.753,355.104,28.964,true
141.000,ue11,-252.758,353.874,28.936,true
142.000,ue11,-252.765,352.452,28.897,true
143.000,ue11,-252.771,351.060,28.858,true
144.000,ue11,-252.777,349.661,28.820,true
145.000,ue11,-252.782,348.391,28.784,true
146.000,ue11,-252.764,346.886,28.742,true
147.000,ue11,-252.294,345.606,28.728,true
148.000,ue11,-251.848,344.390,28.715,true
149.000,ue11,-251.340,343.006,28.736,true
150.000,ue11,-250.836,341.635,28.742,true
151.000,ue11,-250.341,340.287,28.743,true
152.000,ue11,-249.832,338.900,28.747,true
153.000,ue11,-249.359,337.611,28.763,true
154.000,ue11,-248.931,336.447,28.778,true
155.000,ue11,-248.450,335.136,28.785,true
156.000,ue11,-248.058,333.731,28.789,true
157.000,ue11,-248.064,332.386,28.792,true
158.000,ue11,-248.070,330.983,28.798,true
159.000,ue11,-248.076,329.583,28.800,true
160.000,ue11,-248.082,328.202,28.800,true
161.000,ue11,-248.088,326.880,28.800,true
162.000,ue11,-248.094,325.442,28.801,true
163.000,ue11,-248.099,324.186,28.801,true
164.000,ue11,-248.105,322.779,28.801,true
165.000,ue11,-248.110,321.577,28.801,true
166.000,ue11,-248.116,320.294,28.802,true
167.000,ue11,-248.122,318.946,28.802,true
168.000,ue11,-248.128,317.449,28.802,true
169.000,ue11,-248.134,316.146,28.803,true
170.000,ue11,-248.140,314.651,28.803,true
171.000,ue11,-248.146,313.451,28.803,true
172.000,ue11,-248.151,312.172,28.804,true
173.000,ue11,-248.158,310.678,28.804,true
174.000,ue11,-248.163,309.441,28.804,true
175.000,ue11,-248.169,308.009,28.805,true
176.000,ue11,-248.175,306.654,28.805,true
177.000,ue11,-248.181,305.245,28.805,true
178.000,ue11,-248.187,303.874,28.805,true
179.000,ue11,-248.192,302.652,28.806,true
30.000,ue12,-71.787,34.257,52.490,true
31.000,ue12,-71.739,35.529,52.581,true
32.000,ue12,-71.689,36.855,52.581,true
33.000,ue12,-71.641,38.130,52.581,true
34.000,ue12,-71.591,39.460,52.580,true
35.000,ue12,-71.541,40.796,52.580,true
36.000,ue12,-71.496,41.996,52.580,true
37.000,ue12,-71.451,43.191,52.579,true
38.000,ue12,-71.405,44.412,52.578,true
39.000,ue12,-71.360,45.605,52.577,true
40.000,ue12,-71.310,46.938,52.575,true
41.000,ue12,-71.264,48.142,52.574,true
42.000,ue12,-71.220,49.329,52.574,true
43.000,ue12,-71.173,50.574,52.574,true
44.000,ue12,-71.119,51.995,52.573,true
45.000,ue12,-71.152,53.271,52.572,true
46.000,ue12,-71.197,54.455,52.570,true
47.000,ue12,-71.244,55.693,52.568,true
48.000,ue12,-71.291,56.906,52.568,true
49.000,ue12,-71.338,58.135,52.569,true
50.000,ue12,-71.387,59.425,52.570,true
51.000,ue12,-71.439,60.788,52.572,true
52.000,ue12,-71.490,62.112,52.571,true
53.000,ue12,-71.541,63.440,52.568,true
54.000,ue12,-71.585,64.598,52.568,true
55.000,ue12,-71.630,65.769,52.571,true
56.000,ue12,-71.680,67.098,52.576,true
57.000,ue12,-71.731,68.425,52.577,true
58.000,ue12,-71.785,69.838,52.575,true
59.000,ue12,-71.834,71.116,52.579,true
60.000,ue12,-71.878,72.275,52.583,true
61.000,ue12,-71.933,73.704,52.589,true
62.000,ue12,-71.977,74.863,52.574,true
63.000,ue12,-72.023,76.069,52.579,true
64.000,ue12,-72.077,77.467,52.584,true
65.000,ue12,-72.127,78.786,52.589,true
66.000,ue12,-72.175,80.025,52.593,true
67.000,ue12,-72.157,81.234,52.595,true
68.000,ue12,-72.114,82.555,52.614,true
69.000,ue12,-72.068,83.987,52.614,true
70.000,ue12,-72.026,85.259,52.616,true
71.000,ue12,-71.986,86.499,52.598,true
72.000,ue12,-71.939,87.916,52.607,true
73.000,ue12,-71.894,89.315,52.612,true
74.000,ue12,-71.854,90.522,52.615,true
75.000,ue12,-71.808,91.950,52.622,true
76.000,ue12,-71.763,93.326,52.694,true
77.000,ue12,-71.718,94.697,52.695,true
78.000,ue12,-71.679,95.894,52.695,true
79.000,ue12,-71.639,97.113,52.696,true
80.000,ue12,-71.594,98.508,52.697,true
81.000,ue12,-71.556,99.682,52.698,true
82.000,ue12,-71.511,101.048,52.699,true
83.000,ue12,-71.466,102.421,52.700,true
84.000,ue12,-71.428,103.588,52.701,true
85.000,ue12,-71.389,104.782,52.702,true
86.000,ue12,-71.344,106.168,52.703,true
87.000,ue12,-71.306,107.320,52.704,true
88.000,ue12,-71.265,108.581,52.705,true
89.000,ue12,-71.219,109.993,52.706,true
90.000,ue12,-71.176,111.327,52.708,true
91.000,ue12,-71.212,112.512,52.709,true
92.000,ue12,-71.384,113.831,52.709,true
93.000,ue12,-71.553,115.119,52.692,true
94.000,ue12,-71.706,116.292,52.670,true
95.000,ue12,-71.858,117.454,52.656,true
96.000,ue12,-72.035,118.805,52.635,true
97.000,ue12,-72.194,120.027,52.613,true
98.000,ue12,-72.353,121.241,52.600,true
99.000,ue12,-72.532,122.612,52.598,true
100.000,ue12,-72.971,123.850,52.583,true
101.000,ue12,-73.549,124.955,52.538,true
102.000,ue12,-74.114,126.032,52.503,true
103.000,ue12,-74.772,127.288,52.473,true
104.000,ue12,-75.538,128.335,52.437,true
105.000,ue12,-76.853,128.633,52.380,true
106.000,ue12,-78.110,128.918,52.267,true
107.000,ue12,-79.326,129.194,52.194,true
108.000,ue12,-80.456,129.450,52.139,true
109.000,ue12,-81.682,129.728,52.054,true
110.000,ue12,-83.067,130.042,51.907,true
111.000,ue12,-84.416,130.135,51.717,true
112.000,ue12,-85.596,130.157,51.566,true
113.000,ue12,-86.900,130.181,51.404,true
114.000,ue12,-88.073,130.202,51.238,true
115.000,ue12,-89.479,130.228,50.996,true
116.000,ue12,-90.706,130.251,50.784,true
117.000,ue12,-91.858,130.272,50.585,true
118.000,ue12,-93.027,130.294,50.384,true
119.000,ue12,-94.181,130.315,50.185,true
120.000,ue12,-95.454,130.338,49.965,true
121.000,ue12,-96.661,130.360,49.757,true
122.000,ue12,-97.981,130.385,49.526,true
123.000,ue12,-99.310,130.409,49.291,true
124.000,ue12,-100.490,130.431,49.083,true
125.000,ue12,-101.759,130.454,48.859,true
126.000,ue12,-102.956,130.476,48.648,true
127.000,ue12,-104.358,130.502,48.400,true
128.000,ue12,-105.536,130.524,48.184,true
129.000,ue12,-106.818,130.547,47.941,true
130.000,ue12,-108.091,130.571,47.700,true
131.000,ue12,-109.375,130.594,47.456,true
132.000,ue12,-110.524,130.616,47.239,true
133.000,ue12,-111.754,130.638,47.005,true
134.000,ue12,-113.097,130.663,46.751,true
135.000,ue12,-114.474,130.688,46.490,true
136.000,ue12,-115.681,130.711,46.264,true
137.000,ue12,-117.049,130.736,46.007,true
138.000,ue12,-118.309,130.759,45.771,true
139.000,ue12,-119.509,130.781,45.546,true
140.000,ue12,-120.734,130.804,45.317,true
141.000,ue12,-122.039,130.828,45.072,true
142.000,ue12,-123.344,130.852,44.835,true
143.000,ue12,-124.649,130.876,44.599,true
144.000,ue12,-125.836,130.897,44.385,true
145.000,ue12,-126.981,130.918,44.178,true
146.000,ue12,-128.216,130.941,43.955,true
147.000,ue12,-129.511,130.965,43.721,true
148.000,ue12,-130.918,130.991,43.466,true
149.000,ue12,-132.291,131.016,43.217,true
150.000,ue12,-133.567,131.040,42.983,true
151.000,ue12,-134.919,131.065,42.736,true
152.000,ue12,-136.285,131.090,42.487,true
153.000,ue12,-137.592,131.114,42.248,true
154.000,ue12,-138.866,131.137,42.015,true
155.000,ue12,-140.229,131.162,41.757,true
156.000,ue12,-141.592,131.187,41.493,true
157.000,ue12,-142.846,131.210,41.249,true
158.000,ue12,-143.984,131.231,41.028,true
159.000,ue12,-145.184,131.254,40.795,true
160.000,ue12,-146.385,131.276,40.562,true
161.000,ue12,-147.521,131.297,40.341,true
162.000,ue12,-148.650,131.317,40.122,true
163.000,ue12,-149.778,131.338,39.910,true
164.000,ue12,-151.126,131.363,39.657,true
165.000,ue12,-152.342,131.385,39.428,true
166.000,ue12,-153.694,131.410,39.173,true
167.000,ue12,-154.976,131.434,38.932,true
168.000,ue12,-156.260,131.457,38.691,true
169.000,ue12,-157.336,131.477,38.468,true
170.000,ue12,-158.491,131.498,38.208,true
171.000,ue12,-159.575,131.518,37.964,true
172.000,ue12,-160.800,131.541,37.689,true
173.000,ue12,-161.801,131.559,37.463,true
174.000,ue12,-163.129,131.584,37.162,true
175.000,ue12,-164.179,131.603,36.925,true
176.000,ue12,-165.399,131.626,36.648,true
177.000,ue12,-166.543,131.647,36.389,true
178.000,ue12,-167.707,131.668,36.129,true
179.000,ue12,-168.743,131.733,35.901,true
33.000,ue13,-315.000,411.202,23.186,true
34.000,ue13,-314.071,412.137,23.186,true
35.000,ue13,-313.131,413.083,23.186,true
36.000,ue13,-312.211,414.009,23.186,true
37.000,ue13,-311.344,414.881,23.186,true
38.000,ue13,-310.501,415.729,23.186,true
39.000,ue13,-309.661,416.575,23.186,true
40.000,ue13,-308.729,417.512,23.186,true
41.000,ue13,-307.908,418.339,23.186,true
42.000,ue13,-306.994,419.258,23.186,true
43.000,ue13,-306.234,420.024,23.186,true
44.000,ue13,-305.328,420.935,23.186,true
45.000,ue13,-304.521,421.746,23.186,true
46.000,ue13,-303.749,422.523,23.186,true
47.000,ue13,-302.914,423.363,23.186,true
48.000,ue13,-302.011,424.272,23.186,true
49.000,ue13,-301.128,425.160,23.186,true
50.000,ue13,-300.336,425.957,23.186,true
51.000,ue13,-299.542,426.757,23.186,true
52.000,ue13,-298.761,427.542,23.185,true
53.000,ue13,-297.979,428.330,23.172,true
54.000,ue13,-297.187,429.126,23.124,true
55.000,ue13,-296.386,429.932,23.235,true
56.000,ue13,-295.518,430.806,23.274,true
57.000,ue13,-294.683,431.443,23.304,true
58.000,ue13,-293.378,431.437,23.349,true
59.000,ue13,-292.294,431.433,23.380,true
60.000,ue13,-291.209,431.428,23.415,true
61.000,ue13,-289.949,431.422,23.499,true
62.000,ue13,-288.873,431.418,23.600,true
63.000,ue13,-287.729,431.413,23.713,true
64.000,ue13,-286.660,431.408,23.822,true
65.000,ue13,-285.567,431.404,23.934,true
66.000,ue13,-284.499,431.399,24.086,true
67.000,ue13,-283.181,431.393,24.274,true
68.000,ue13,-282.100,431.389,24.429,true
69.000,ue13,-280.957,431.384,24.597,true
70.000,ue13,-279.769,431.379,24.782,true
71.000,ue13,-278.487,431.373,24.981,true
72.000,ue13,-277.183,431.367,25.184,true
73.000,ue13,-276.104,431.363,25.352,true
74.000,ue13,-275.021,431.358,25.520,true
75.000,ue13,-273.940,431.353,25.684,true
76.000,ue13,-272.671,431.348,25.877,true
77.000,ue13,-271.480,431.343,26.059,true
78.000,ue13,-270.398,431.338,26.219,true
79.000,ue13,-269.307,431.333,26.379,true
80.000,ue13,-268.147,431.328,26.550,true
81.000,ue13,-266.843,431.323,26.741,true
82.000,ue13,-265.559,431.317,26.930,true
83.000,ue13,-264.347,431.312,27.112,true
84.000,ue13,-263.037,431.306,27.311,true
85.000,ue13,-261.752,431.301,27.507,true
86.000,ue13,-260.555,431.296,27.687,true
87.000,ue13,-259.401,431.291,27.856,true
88.000,ue13,-258.215,431.285,28.031,true
89.000,ue13,-257.012,431.280,28.207,true
90.000,ue13,-255.693,431.275,28.401,true
91.000,ue13,-254.567,431.270,28.568,true
92.000,ue13,-253.250,431.264,28.645,true
93.000,ue13,-253.080,430.479,28.671,true
94.000,ue13,-253.080,429.266,28.719,true
95.000,ue13,-253.080,427.976,28.759,true
96.000,ue13,-253.080,426.655,28.798,true
97.000,ue13,-253.080,425.411,28.860,true
98.000,ue13,-253.080,424.179,28.903,true
99.000,ue13,-253.079,422.938,28.947,true
100.000,ue13,-253.079,421.716,28.997,true
101.000,ue13,-253.079,420.397,29.013,true
102.000,ue13,-253.079,419.246,29.013,true
103.000,ue13,-253.079,418.001,29.013,true
104.000,ue13,-253.079,416.886,29.013,true
105.000,ue13,-253.079,415.591,29.013,true
106.000,ue13,-253.079,414.436,29.013,true
107.000,ue13,-253.079,413.098,29.013,true
108.000,ue13,-253.079,411.913,29.013,true
109.000,ue13,-253.079,410.662,29.013,true
110.000,ue13,-253.079,409.587,29.013,true
111.000,ue13,-253.078,408.353,29.013,true
112.000,ue13,-253.078,407.116,29.013,true
113.000,ue13,-253.078,405.980,29.013,true
114.000,ue13,-253.078,404.831,29.013,true
115.000,ue13,-253.078,403.542,29.013,true
116.000,ue13,-253.078,402.385,29.013,true
117.000,ue13,-253.078,401.142,29.013,true
118.000,ue13,-253.078,399.959,29.013,true
119.000,ue13,-253.078,398.877,29.013,true
120.000,ue13,-253.078,397.751,29.013,true
121.000,ue13,-253.078,396.427,29.013,true
122.000,ue13,-253.078,395.334,29.013,true
123.000,ue13,-253.078,394.096,29.013,true
124.000,ue13,-253.077,392.805,29.013,true
125.000,ue13,-253.077,391.468,29.013,true
126.000,ue13,-253.077,390.209,29.013,true
127.000,ue13,-253.077,389.127,29.013,true
128.000,ue13,-253.077,387.849,29.013,true
129.000,ue13,-253.077,386.532,29.013,true
130.000,ue13,-253.077,385.265,29.013,true
131.000,ue13,-253.077,384.180,29.013,true
132.000,ue13,-253.077,382.859,29.013,true
133.000,ue13,-253.077,381.588,29.013,true
134.000,ue13,-253.077,380.428,29.013,true
135.000,ue13,-253.077,379.229,29.013,true
136.000,ue13,-253.076,377.897,29.013,true
137.000,ue13,-253.076,376.821,29.013,true
138.000,ue13,-253.076,375.541,29.013,true
139.000,ue13,-253.076,374.334,29.013,true
140.000,ue13,-253.076,373.100,29.013,true
141.000,ue13,-253.076,371.947,29.013,true
142.000,ue13,-253.076,370.668,29.013,true
143.000,ue13,-253.076,369.376,29.013,true
144.000,ue13,-253.076,368.167,29.013,true
145.000,ue13,-253.076,367.008,29.016,true
146.000,ue13,-253.076,365.904,29.021,true
147.000,ue13,-253.076,364.753,29.027,true
148.000,ue13,-253.075,363.552,29.033,true
149.000,ue13,-253.811,363.111,29.022,true
150.000,ue13,-255.017,363.033,29.016,true
151.000,ue13,-256.304,362.948,29.023,true
152.000,ue13,-257.483,362.871,29.028,true
153.000,ue13,-258.695,362.792,29.035,true
154.000,ue13,-259.822,362.718,29.040,true
155.000,ue13,-260.993,362.642,29.046,true
156.000,ue13,-262.157,362.565,29.033,true
157.000,ue13,-263.362,362.487,29.051,true
158.000,ue13,-264.611,362.405,29.075,true
159.000,ue13,-265.617,362.339,28.883,true
160.000,ue13,-266.605,362.824,28.886,true
161.000,ue13,-267.266,363.275,28.592,true
162.000,ue13,-267.807,363.643,28.084,true
163.000,ue13,-268.696,364.249,27.832,true
164.000,ue13,-269.187,364.584,27.355,true
165.000,ue13,-269.795,364.997,26.816,true
166.000,ue13,-270.450,365.444,26.467,true
167.000,ue13,-271.133,365.909,25.967,true
168.000,ue13,-271.985,366.490,25.734,true
169.000,ue13,-272.738,367.003,25.310,true
170.000,ue13,-273.326,367.403,24.834,true
171.000,ue13,-274.049,367.896,24.549,true
172.000,ue13,-274.712,368.348,24.276,true
173.000,ue13,-275.532,368.907,24.085,true
174.000,ue13,-276.220,369.375,23.843,true
175.000,ue13,-276.954,369.875,23.629,true
176.000,ue13,-277.783,370.441,23.349,true
177.000,ue13,-278.457,371.121,23.186,true
178.000,ue13,-279.276,371.947,23.186,true
179.000,ue13,-280.152,372.831,23.186,true
36.000,ue14,-232.297,493.382,28.622,true
37.000,ue14,-232.304,491.792,28.622,true
38.000,ue14,-232.310,490.458,28.622,true
39.000,ue14,-232.316,489.119,28.622,true
40.000,ue14,-232.322,487.646,28.622,true
41.000,ue14,-232.329,486.113,28.772,true
42.000,ue14,-232.335,484.731,28.993,true
43.000,ue14,-232.341,483.345,28.998,true
44.000,ue14,-232.347,481.824,29.004,true
45.000,ue14,-232.353,480.354,29.005,true
46.000,ue14,-232.360,478.911,29.005,true
47.000,ue14,-232.365,477.575,29.006,true
48.000,ue14,-232.372,476.178,29.006,true
49.000,ue14,-232.378,474.714,29.006,true
50.000,ue14,-232.384,473.235,29.006,true
51.000,ue14,-232.391,471.583,29.006,true
52.000,ue14,-232.397,470.199,29.006,true
53.000,ue14,-232.404,468.717,29.006,true
54.000,ue14,-232.410,467.203,29.006,true
55.000,ue14,-232.416,465.810,29.006,true
56.000,ue14,-232.423,464.280,29.006,true
57.000,ue14,-232.429,462.865,29.006,true
58.000,ue14,-232.436,461.266,29.006,true
59.000,ue14,-232.443,459.670,29.006,true
60.000,ue14,-232.449,458.317,29.005,true
61.000,ue14,-232.456,456.685,29.005,true
62.000,ue14,-232.462,455.151,29.005,true
63.000,ue14,-232.469,453.515,29.005,true
64.000,ue14,-232.476,451.903,29.005,true
65.000,ue14,-232.483,450.421,29.005,true
66.000,ue14,-232.490,448.796,29.005,true
67.000,ue14,-232.496,447.462,29.005,true
68.000,ue14,-232.503,445.826,29.005,true
69.000,ue14,-232.509,444.427,29.005,true
70.000,ue14,-232.515,443.016,29.005,true
71.000,ue14,-232.521,441.536,29.005,true
72.000,ue14,-232.527,440.136,29.005,true
73.000,ue14,-232.533,438.712,29.005,true
74.000,ue14,-232.539,437.361,29.005,true
75.000,ue14,-232.546,435.709,29.005,true
76.000,ue14,-232.553,434.239,29.005,true
77.000,ue14,-232.559,432.723,29.005,true
78.000,ue14,-232.566,431.160,29.005,true
79.000,ue14,-232.572,429.700,29.003,true
80.000,ue14,-232.579,428.201,28.910,true
81.000,ue14,-232.585,426.713,28.883,true
82.000,ue14,-232.591,425.322,28.880,true
83.000,ue14,-232.597,423.962,28.880,true
84.000,ue14,-232.604,422.370,28.996,true
85.000,ue14,-232.611,420.730,29.005,true
86.000,ue14,-232.618,419.185,29.005,true
87.000,ue14,-232.625,417.571,29.005,true
88.000,ue14,-232.631,416.025,29.005,true
89.000,ue14,-232.637,414.674,29.005,true
90.000,ue14,-232.643,413.314,29.005,true
91.000,ue14,-232.649,411.892,29.005,true
92.000,ue14,-232.656,410.397,29.005,true
93.000,ue14,-232.663,408.780,29.005,true
94.000,ue14,-232.669,407.309,29.005,true
95.000,ue14,-232.675,405.801,29.005,true
96.000,ue14,-232.682,404.359,29.005,true
97.000,ue14,-232.689,402.709,29.005,true
98.000,ue14,-232.695,401.330,29.005,true
99.000,ue14,-232.702,399.766,29.005,true
100.000,ue14,-232.709,398.135,29.005,true
101.000,ue14,-232.715,396.712,29.005,true
102.000,ue14,-232.721,395.328,29.005,true
103.000,ue14,-232.727,393.806,29.004,true
104.000,ue14,-232.733,392.476,28.992,true
105.000,ue14,-232.739,391.121,28.981,true
106.000,ue14,-232.746,389.562,28.968,true
107.000,ue14,-232.752,388.113,28.955,true
108.000,ue14,-232.758,386.781,28.944,true
109.000,ue14,-232.764,385.344,28.932,true
110.000,ue14,-232.770,383.950,28.920,true
111.000,ue14,-232.776,382.457,28.907,true
112.000,ue14,-232.783,380.919,28.895,true
113.000,ue14,-232.789,379.544,28.886,true
114.000,ue14,-232.795,378.162,28.877,true
115.000,ue14,-232.801,376.671,28.867,true
116.000,ue14,-232.808,375.120,28.857,true
117.000,ue14,-232.814,373.670,28.848,true
118.000,ue14,-232.821,372.209,28.839,true
119.000,ue14,-232.828,370.559,28.828,true
120.000,ue14,-232.833,369.213,28.722,true
121.000,ue14,-232.840,367.606,28.643,true
122.000,ue14,-232.847,366.188,28.605,true
123.000,ue14,-232.854,364.536,28.605,true
124.000,ue14,-232.860,362.967,28.605,true
125.000,ue14,-232.867,361.410,28.605,true
126.000,ue14,-232.874,359.920,28.605,true
127.000,ue14,-232.880,358.395,28.605,true
128.000,ue14,-232.887,356.902,28.605,true
129.000,ue14,-232.893,355.410,28.605,true
130.000,ue14,-232.900,353.867,28.605,true
131.000,ue14,-232.906,352.487,28.632,true
132.000,ue14,-232.912,350.990,28.650,true
133.000,ue14,-231.223,351.002,28.680,true
134.000,ue14,-229.856,351.088,28.714,true
135.000,ue14,-228.359,351.181,28.727,true
136.000,ue14,-226.788,351.279,28.735,true
137.000,ue14,-225.202,351.378,28.744,true
138.000,ue14,-223.582,351.479,28.753,true
139.000,ue14,-222.207,351.564,28.798,true
140.000,ue14,-220.769,351.654,28.935,true
141.000,ue14,-219.230,351.750,29.081,true
142.000,ue14,-217.606,351.851,29.236,true
143.000,ue14,-216.045,351.948,29.384,true
144.000,ue14,-214.457,352.047,29.536,true
145.000,ue14,-212.944,352.142,29.680,true
146.000,ue14,-211.361,352.240,29.830,true
147.000,ue14,-209.797,352.338,29.979,true
148.000,ue14,-208.346,352.428,30.117,true
149.000,ue14,-206.778,352.526,30.266,true
150.000,ue14,-205.402,352.612,30.397,true
151.000,ue14,-203.883,352.707,30.542,true
152.000,ue14,-202.331,352.803,30.689,true
153.000,ue14,-200.789,352.899,30.836,true
154.000,ue14,-199.169,353.000,30.990,true
155.000,ue14,-197.645,353.095,31.135,true
156.000,ue14,-196.096,353.192,31.282,true
157.000,ue14,-194.475,353.293,31.437,true
158.000,ue14,-193.035,353.383,31.574,true
159.000,ue14,-191.601,353.472,31.710,true
160.000,ue14,-190.036,353.570,31.859,true
161.000,ue14,-188.622,353.658,31.993,true
162.000,ue14,-187.232,353.744,32.126,true
163.000,ue14,-185.715,353.839,32.270,true
164.000,ue14,-184.250,353.930,32.409,true
165.000,ue14,-182.673,354.029,32.559,true
166.000,ue14,-181.186,354.121,32.701,true
167.000,ue14,-179.761,354.210,32.837,true
168.000,ue14,-178.300,354.301,32.976,true
169.000,ue14,-176.689,354.402,33.129,true
170.000,ue14,-175.353,354.485,33.256,true
171.000,ue14,-173.727,354.586,33.411,true
172.000,ue14,-172.323,354.674,33.544,true
173.000,ue14,-170.690,354.776,33.700,true
174.000,ue14,-169.308,354.862,33.831,true
175.000,ue14,-167.967,354.945,33.959,true
176.000,ue14,-166.425,355.041,34.105,true
177.000,ue14,-164.931,355.134,34.247,true
178.000,ue14,-163.336,355.234,34.399,true
179.000,ue14,-161.952,355.320,34.531,true
39.000,ue15,-231.759,493.597,28.622,true
40.000,ue15,-231.765,492.240,28.622,true
41.000,ue15,-231.770,491.023,28.622,true
42.000,ue15,-231.776,489.575,28.622,true
43.000,ue15,-231.782,488.144,28.622,true
44.000,ue15,-231.788,486.727,28.694,true
45.000,ue15,-231.795,485.293,28.973,true
46.000,ue15,-231.801,483.811,28.997,true
47.000,ue15,-231.807,482.350,29.003,true
48.000,ue15,-231.813,481.046,29.005,true
49.000,ue15,-231.819,479.619,29.005,true
50.000,ue15,-231.825,478.344,29.006,true
51.000,ue15,-231.831,476.924,29.006,true
52.000,ue15,-231.837,475.527,29.006,true
53.000,ue15,-231.843,474.186,29.006,true
54.000,ue15,-231.849,472.796,29.006,true
55.000,ue15,-231.854,471.575,29.006,true
56.000,ue15,-231.859,470.281,29.006,true
57.000,ue15,-231.865,469.019,29.006,true
58.000,ue15,-231.871,467.529,29.006,true
59.000,ue15,-231.878,466.098,29.006,true
60.000,ue15,-231.884,464.671,29.006,true
61.000,ue15,-231.890,463.204,29.006,true
62.000,ue15,-231.897,461.709,29.006,true
63.000,ue15,-231.902,460.329,29.006,true
64.000,ue15,-231.908,459.027,29.006,true
65.000,ue15,-231.914,457.688,29.005,true
66.000,ue15,-231.920,456.230,29.005,true
67.000,ue15,-231.926,454.770,29.005,true
68.000,ue15,-231.933,453.357,29.005,true
69.000,ue15,-231.938,452.061,29.005,true
70.000,ue15,-231.944,450.668,29.005,true
71.000,ue15,-231.951,449.200,29.005,true
72.000,ue15,-231.957,447.709,29.005,true
73.000,ue15,-231.963,446.406,29.005,true
74.000,ue15,-231.968,445.081,29.005,true
75.000,ue15,-231.974,443.772,29.005,true
76.000,ue15,-231.980,442.454,29.005,true
77.000,ue15,-231.985,441.245,29.005,true
78.000,ue15,-231.991,439.885,29.005,true
79.000,ue15,-231.997,438.431,29.005,true
80.000,ue15,-232.003,436.988,29.005,true
81.000,ue15,-232.009,435.558,29.005,true
82.000,ue15,-232.016,434.102,29.005,true
83.000,ue15,-232.022,432.725,29.005,true
84.000,ue15,-232.028,431.324,29.005,true
85.000,ue15,-232.034,429.904,29.003,true
86.000,ue15,-232.039,428.601,28.910,true
87.000,ue15,-232.046,427.151,28.884,true
88.000,ue15,-232.052,425.714,28.880,true
89.000,ue15,-232.057,424.503,28.880,true
90.000,ue15,-232.063,423.235,28.962,true
91.000,ue15,-232.068,421.886,29.005,true
92.000,ue15,-232.075,420.395,29.005,true
93.000,ue15,-232.080,419.174,29.005,true
94.000,ue15,-232.086,417.800,29.005,true
95.000,ue15,-232.092,416.530,29.005,true
96.000,ue15,-232.097,415.298,29.005,true
97.000,ue15,-232.102,414.019,29.005,true
98.000,ue15,-232.109,412.582,29.005,true
99.000,ue15,-232.115,411.119,29.005,true
100.000,ue15,-232.121,409.716,29.005,true
101.000,ue15,-232.126,408.480,29.005,true
102.000,ue15,-232.133,407.025,29.005,true
103.000,ue15,-232.138,405.813,29.005,true
104.000,ue15,-232.144,404.349,29.005,true
105.000,ue15,-232.150,403.013,29.005,true
106.000,ue15,-232.156,401.735,29.005,true
107.000,ue15,-232.162,400.324,29.005,true
108.000,ue15,-232.167,399.113,29.005,true
109.000,ue15,-232.173,397.627,29.005,true
110.000,ue15,-232.179,396.304,29.005,true
111.000,ue15,-232.185,394.903,29.005,true
112.000,ue15,-232.191,393.629,29.000,true
113.000,ue15,-232.197,392.136,28.988,true
114.000,ue15,-232.202,390.923,28.977,true
115.000,ue15,-232.207,389.705,28.967,true
116.000,ue15,-232.213,388.452,28.956,true
117.000,ue15,-232.219,387.061,28.945,true
118.000,ue15,-232.225,385.693,28.933,true
119.000,ue15,-232.231,384.342,28.921,true
120.000,ue15,-232.236,383.133,28.911,true
121.000,ue15,-232.241,381.875,28.901,true
122.000,ue15,-232.248,380.415,28.890,true
123.000,ue15,-232.253,379.191,28.882,true
124.000,ue15,-232.258,377.952,28.874,true
125.000,ue15,-232.264,376.523,28.865,true
126.000,ue15,-232.270,375.245,28.857,true
127.000,ue15,-232.276,373.843,28.848,true
128.000,ue15,-232.281,372.613,28.840,true
129.000,ue15,-232.287,371.339,28.832,true
130.000,ue15,-232.292,370.066,28.798,true
131.000,ue15,-232.298,368.716,28.688,true
132.000,ue15,-232.304,367.402,28.621,true
133.000,ue15,-232.310,365.951,28.605,true
134.000,ue15,-232.315,364.736,28.605,true
135.000,ue15,-232.321,363.332,28.605,true
136.000,ue15,-232.328,361.865,28.605,true
137.000,ue15,-232.334,360.465,28.605,true
138.000,ue15,-232.340,359.026,28.605,true
139.000,ue15,-232.346,357.551,28.605,true
140.000,ue15,-232.352,356.174,28.605,true
141.000,ue15,-232.358,354.822,28.605,true
142.000,ue15,-232.364,353.536,28.605,true
143.000,ue15,-232.370,352.076,28.632,true
144.000,ue15,-232.375,350.823,28.658,true
145.000,ue15,-232.382,349.359,28.679,true
146.000,ue15,-232.387,348.132,28.690,true
147.000,ue15,-232.393,346.648,28.704,true
148.000,ue15,-232.399,345.254,28.699,true
149.000,ue15,-232.405,344.017,28.695,true
150.000,ue15,-232.411,342.655,28.690,true
151.000,ue15,-232.417,341.228,28.686,true
152.000,ue15,-232.423,339.811,28.681,true
153.000,ue15,-232.428,338.593,28.677,true
154.000,ue15,-232.434,337.182,28.672,true
155.000,ue15,-232.440,335.804,28.667,true
156.000,ue15,-232.446,334.361,28.662,true
157.000,ue15,-232.453,332.882,28.657,true
158.000,ue15,-232.459,331.428,28.653,true
159.000,ue15,-232.465,330.176,28.648,true
160.000,ue15,-232.471,328.762,28.644,true
161.000,ue15,-232.477,327.270,28.639,true
162.000,ue15,-232.482,326.052,28.634,true
163.000,ue15,-232.488,324.660,28.630,true
164.000,ue15,-232.494,323.399,28.625,true
165.000,ue15,-232.500,322.020,28.621,true
166.000,ue15,-232.505,320.751,28.617,true
167.000,ue15,-232.511,319.329,28.612,true
168.000,ue15,-232.517,318.087,28.608,true
169.000,ue15,-232.523,316.654,28.603,true
170.000,ue15,-232.528,315.395,28.602,true
171.000,ue15,-232.534,314.132,28.607,true
172.000,ue15,-232.539,312.850,28.612,true
173.000,ue15,-232.545,311.612,28.617,true
174.000,ue15,-232.551,310.241,28.622,true
175.000,ue15,-232.556,308.942,28.627,true
176.000,ue15,-232.562,307.670,28.632,true
177.000,ue15,-232.568,306.176,28.638,true
178.000,ue15,-232.574,304.840,28.643,true
179.000,ue15,-232.580,303.423,28.648,true
